case,kind,embedding_family,wl_hash,designed_crossings,reference_projection_crossings,crossing_gap_in_tube_radii,nodes,edges,genus_cycle_rank,max_degree,radius_world,radius_vox,spacing_world,input_topology_pass,thick_enough,beta0,beta1,beta2,chi
control_trivial_theta,control,baseline_control,,0,,,2,3,2,3,0.12901515562086804,9.948977890074238,0.012967679398461841,True,True,1,2,0,-1
control_trefoil_theta,control,knotted_crossing_control,,0,,,2,3,2,3,0.2564841814517642,10.724698531143337,0.023915281227436143,True,True,1,2,0,-1
control_k4_genus3,control,spatial_control,,0,,,4,6,3,3,0.11340578556669835,7.511368806672497,0.015097885416830785,True,True,1,3,0,-2
random_0000,random_cycle_chord,baseline,5ece6bdff7ea6a9025672e56fbda3d50,0,,,11,13,3,3,0.04589726038304204,4.099776194019209,0.01119506485500291,True,True,1,3,0,-2
random_0001,random_cycle_chord,baseline,5c25c6be641fc20f13f284ff50ca2a81,0,,,13,16,4,3,0.051844483003121104,4.565325347618296,0.011356142017385043,True,True,1,4,0,-3
random_0002,random_cycle_chord,crossing_rich,e4dfd7b460148a3915f7aca370896702,4,4.0,8.11360025326207,8,12,5,3,0.07887990288191585,6.6036482789631945,0.011944897661069917,True,True,1,5,0,-4
random_0003,random_cycle_chord,baseline,7e6bc2286a474f101d6d3fad2dea3b25,0,,,11,14,4,3,0.04603183382592394,4.11028561192136,0.011199181315384622,True,True,1,4,0,-3
random_0004,random_cycle_chord,baseline,4e9cca7c282396d17b6e561d68fe510e,0,,,10,13,4,3,0.05312403300577765,4.683058528605245,0.011343875520940709,True,True,1,4,0,-3
random_0005,random_cycle_chord,crossing_rich,9e29c665f19ef85c09f08031b7489ca3,6,6.0,10.624924182770748,11,16,6,3,0.060235723944065074,5.22107890211272,0.01153702617282619,True,True,1,6,0,-5
random_0006,random_cycle_chord,baseline,4ca7af1950eb0912a81fec832cb4eb96,0,,,10,12,3,3,0.06540941283231237,5.62151146390269,0.011635556247163179,True,True,1,3,0,-2
random_0007,random_cycle_chord,baseline,8f34f4541eedc7b1aecfd95c1d8d238c,0,,,11,14,4,3,0.045272764828904584,4.0425228010655365,0.011199136543391046,True,True,1,4,0,-3
random_0008,random_cycle_chord,baseline,b73291eb7126cc5eaf4780776629388d,0,,,8,10,3,3,0.07247527169934605,6.139995598227568,0.0118037986412022,True,True,1,3,0,-2
random_0009,random_cycle_chord,baseline,103a02ce2419501dbcecbb0b106c7128,0,,,9,11,3,3,0.06185774206627528,5.3600776851905865,0.011540456258158844,True,True,1,3,0,-2
random_0010,random_cycle_chord,baseline,3ddc013bba7f8602e9b01edf73e915d5,0,,,9,11,3,3,0.062455490387647826,5.39001619618171,0.01158725467873201,True,True,1,3,0,-2
random_0011,random_cycle_chord,crossing_rich,6cae8dd6dca8ab370494a907f81c49aa,3,3.0,13.657853305154779,8,11,4,3,0.046859487043871655,4.172939003587893,0.011229372632473627,True,True,1,4,0,-3
random_0012,random_cycle_chord,crossing_rich,f01bb47f0e11353dcd7e62b1e2f9df0e,4,4.0,8.918854484850176,9,13,5,3,0.07175809416860904,6.077208470709339,0.01180773944393475,True,True,1,5,0,-4
random_0013,random_cycle_chord,baseline,c9b2747d4897680c32f2a02811ccda66,0,,,11,13,3,3,0.06018761776272134,5.229702979573282,0.01150880231588838,True,True,1,3,0,-2
random_0014,random_cycle_chord,crossing_rich,5abff9f8eb816c43fa70e71b5218041d,8,8.0,11.498673359816353,12,18,7,3,0.055658594689415676,4.876096776192993,0.011414579579544577,True,True,1,7,0,-6
random_0015,random_cycle_chord,crossing_rich,9196592555d997b5ed44ca4d7cf63987,6,6.0,11.497604497339587,12,17,6,3,0.05566376893100546,4.880517712536488,0.011405300054136277,True,True,1,6,0,-5
random_0016,random_cycle_chord,baseline,efa81f8d435c5ba80e07756432e1f676,0,,,11,13,3,3,0.04616885448815768,4.121772190727345,0.01120121451448061,True,True,1,3,0,-2
random_0017,random_cycle_chord,crossing_rich,05dd62ad19ce4d5dd6bedfa658e868da,3,3.0,9.771899386919838,10,14,5,3,0.06549392033821706,5.624436438950143,0.011644530265229942,True,True,1,5,0,-4
random_0018,random_cycle_chord,baseline,237b03a6236ff83b0e5299ac7fc023ee,0,,,10,12,3,3,0.05266230767891701,4.641850867590307,0.011345109780800701,True,True,1,3,0,-2
random_0019,random_cycle_chord,crossing_rich,226d48fcb25dc01375a006b884ac6d23,4,4.0,10.616802001552406,11,15,5,3,0.060281806132055415,5.221738083006809,0.011544394830570213,True,True,1,5,0,-4
random_0020,random_cycle_chord,crossing_rich,7cd3e48f57694c7472e13344b0531152,3,3.0,11.06702414147224,11,14,4,3,0.05782945729752977,5.036507738508234,0.011482054689477814,True,True,1,4,0,-3
random_0021,random_cycle_chord,crossing_rich,f61befc086c76698e58b129c58523394,3,3.0,10.94216698830288,10,14,5,3,0.05848932854745836,5.09528309926177,0.011479112623974237,True,True,1,5,0,-4
random_0022,random_cycle_chord,baseline,8e55376de66b216997aaf035ce2ec164,0,,,15,18,4,3,0.04537099038862751,4.046892779455942,0.011211315164798391,True,True,1,4,0,-3
random_0023,random_cycle_chord,crossing_rich,bc0cf7ceb69e1836068831db1a5b7fb5,2,2.0,10.861684886447032,10,13,4,3,0.05892271840794956,5.120310153909821,0.011507646341102351,True,True,1,4,0,-3
random_0024,random_cycle_chord,crossing_rich,b497a8280ab5258c0901c20c694e809b,3,3.0,12.814942974165733,9,12,4,3,0.04994169707116194,4.425070599859432,0.011286079158318602,True,True,1,4,0,-3
random_0025,random_cycle_chord,crossing_rich,0d9383c252bac8778d9583a2a6ee796c,5,5.0,12.200324438664138,11,16,6,3,0.05245762137044252,4.620279139706771,0.011353777506562468,True,True,1,6,0,-5
random_0026,random_cycle_chord,crossing_rich,35e6984785cd33f6953165239be9a661,4,4.0,10.01686012212987,10,14,5,3,0.06389227684093064,5.5033902245081805,0.011609621385087313,True,True,1,5,0,-4
random_0027,random_cycle_chord,crossing_rich,cbd367df182ccb02b6db0d327f7ca73e,5,5.0,12.08864575924445,11,16,6,3,0.052942241235795835,4.661804662117212,0.011356597942855786,True,True,1,6,0,-5
random_0028,random_cycle_chord,baseline,bc0c53ec9fcf19b8932a465c5162b3af,0,,,12,15,4,3,0.05565702626983811,4.873823982263714,0.011419580697288014,True,True,1,4,0,-3
random_0029,random_cycle_chord,crossing_rich,07cadc4d29e0c123eb84295e0e6e93fb,3,3.0,12.088678581719567,11,15,5,3,0.052942097490109835,4.6665850732929695,0.011344933534609563,True,True,1,5,0,-4
random_0030,random_cycle_chord,crossing_rich,ef457cb883268cd546431e37c4eedca2,3,3.0,11.255580513157929,11,15,5,3,0.056860683396278956,4.964856986106345,0.011452632685170567,True,True,1,5,0,-4
random_0031,random_cycle_chord,crossing_rich,2c8b3e95d62a28423936c85308a28eeb,6,6.0,9.77724498375348,10,15,6,3,0.06545811228658652,5.621054727246577,0.01164516544720613,True,True,1,6,0,-5
random_0032,random_cycle_chord,crossing_rich,43af5ef3bcb3f3a536770324997157af,7,7.0,12.761474954869202,13,19,7,3,0.05015094276040599,4.431285769090507,0.011317469775978622,True,True,1,7,0,-6
random_0033,random_cycle_chord,baseline,78d712f24f5cff365e8a82f9a84c6043,0,,,10,12,3,3,0.053155390359089186,4.680518207546593,0.011356731883530449,True,True,1,3,0,-2
random_0034,random_cycle_chord,crossing_rich,d529fcf3dbfcc602f5ab87bdbeb0e162,8,8.0,12.371838053792924,13,19,7,3,0.05173038939058781,4.567059946038525,0.011326847031088091,True,True,1,7,0,-6
random_0035,random_cycle_chord,crossing_rich,8d92d8721dbd33134985bb942b070fe4,5,5.0,13.012139599866092,9,13,5,3,0.04918483967130096,4.365260710302114,0.011267331537661343,True,True,1,5,0,-4
random_0036,random_cycle_chord,crossing_rich,76f64aeb3bec290543374c9120128d8d,4,4.0,10.25048950181779,10,14,5,3,0.06243604267742573,5.396143710204601,0.011570492935418578,True,True,1,5,0,-4
random_0037,random_cycle_chord,baseline,ca62a37d3738941a9501a139c3aa3dc2,0,,,12,14,3,3,0.05566388626657264,4.880287240666901,0.011405862712901723,True,True,1,3,0,-2
random_0038,random_cycle_chord,baseline,19fca4749c1a57391a2f17cdb3a8fecb,0,,,11,13,3,3,0.060169555550811785,5.229601814781233,0.011505571108826154,True,True,1,3,0,-2
random_0039,random_cycle_chord,baseline,e756644711763e07d0e3622d4415d4c4,0,,,11,13,3,3,0.04516453251854786,4.031730454158889,0.011202269852132317,True,True,1,3,0,-2
random_0040,random_cycle_chord,crossing_rich,bb2c7ed8feef84917625e983562a84b2,5,5.0,14.072559203899836,10,14,5,3,0.04547857932071382,4.058116449620693,0.011206819687238067,True,True,1,5,0,-4
random_0041,random_cycle_chord,baseline,fcb06304329c3a95c9fc63ab6e3f83f6,0,,,10,12,3,3,0.05277578552617758,4.650636884985661,0.011348077012110202,True,True,1,3,0,-2
random_0042,random_cycle_chord,crossing_rich,ef708e22c6afb49a267da2ce884548df,2,2.0,9.221196603257923,9,12,4,3,0.06940530904350124,5.925186282349186,0.011713607933349869,True,True,1,4,0,-3
random_0043,random_cycle_chord,crossing_rich,3766c050500c74590e361b5f3d5119d1,2,2.0,9.362425138262472,9,12,4,3,0.06835835700137567,5.836994272037099,0.01171122564379676,True,True,1,4,0,-3
random_0044,random_cycle_chord,crossing_rich,748a628f2d4ade0213315cc4014b52e0,3,3.0,11.385606657491493,10,14,5,3,0.05621132182525323,4.909097542814352,0.01145043897274603,True,True,1,5,0,-4
random_0045,random_cycle_chord,baseline,3548961aa89bcaeb30f82f691c1470c0,0,,,14,17,4,3,0.048307769674783466,4.292586267132964,0.011253767931156436,True,True,1,4,0,-3
random_0046,random_cycle_chord,crossing_rich,160f71c8722822d99555e73577ebdb55,8,8.0,13.247808949047114,13,19,7,3,0.04830987542630843,4.2966109226748435,0.01124371657004336,True,True,1,7,0,-6
random_0047,random_cycle_chord,crossing_rich,d3b9e56b5337f4aa08cbf81ed5c2928d,2,2.0,8.334088957598519,8,11,4,3,0.07679303679815976,6.458778741196255,0.011889714739467391,True,True,1,4,0,-3
random_0048,random_cycle_chord,crossing_rich,a17d4027c28a77bd091908d86be3664e,2,2.0,8.943673099932175,9,12,4,3,0.07155896608126851,6.08182176125494,0.011766041309718166,True,True,1,4,0,-3
random_0049,random_cycle_chord,baseline,8c61f2de661654606954623865384556,0,,,13,15,3,3,0.05172905228764616,4.566996018149891,0.011326712806857629,True,True,1,3,0,-2
random_0050,random_cycle_chord,crossing_rich,9dd9b04322e6954f1b80935716054f95,11,11.0,14.117855430166799,15,22,8,3,0.045332664239673304,4.046148728732399,0.011203904571712414,True,True,1,8,0,-7
random_0051,random_cycle_chord,baseline,3a351d58f4eb5873cb60bb786dd613d2,0,,,14,17,4,3,0.04831441307681392,4.295411099392394,0.011247913635937712,True,True,1,4,0,-3
random_0052,random_cycle_chord,crossing_rich,430a013876eaf085a57ad818f2be85a2,4,4.0,11.499901823619767,12,16,5,3,0.05565264902396796,4.876997070197719,0.011411253323084678,True,True,1,5,0,-4
random_0053,random_cycle_chord,baseline,f8915e048c5e07d3dc0ece3ddaef1ca9,0,,,14,16,3,3,0.04830935670606767,4.290398415383268,0.011259876596274596,True,True,1,3,0,-2
random_0054,random_cycle_chord,crossing_rich,9864390659db0a33d7b4bc27549e7f6e,4,4.0,9.775918737127467,10,14,5,3,0.06546699263869454,5.621685019046552,0.011645439475333298,True,True,1,5,0,-4
random_0055,random_cycle_chord,crossing_rich,f8e101deee8812cdf51fe0521efd7a68,5,5.0,13.090277083293765,10,14,5,3,0.04889124927819814,4.339696459257426,0.01126605276134083,True,True,1,5,0,-4
random_0056,random_cycle_chord,baseline,b0621227ec7d34a9a637ad6d32a04aed,0,,,13,15,3,3,0.05183435069722139,4.564154385250104,0.011356835532280313,True,True,1,3,0,-2
random_0057,random_cycle_chord,crossing_rich,0ba4cef7d36938b0547a48dd8590384b,4,4.0,12.15174534921048,11,15,5,3,0.052667331449764286,4.637240065050111,0.01135747356422341,True,True,1,5,0,-4
random_0058,random_cycle_chord,baseline,79f3c24536f906e8e3af49b633b30c68,0,,,15,18,4,3,0.045282218773719525,4.049122048379719,0.011183219036788355,True,True,1,4,0,-3
random_0059,random_cycle_chord,crossing_rich,0ea767070aaa9d39f9740b10ad5b57da,3,3.0,12.263243011693627,11,15,5,3,0.05218847896838768,4.604027389799067,0.01133539715337474,True,True,1,5,0,-4
random_0060,random_cycle_chord,baseline,cbcdcec981f1dd5d52ceecf70d124d2f,0,,,12,14,3,3,0.05566410542839659,4.879931629633968,0.01140673879329982,True,True,1,3,0,-2
random_0061,random_cycle_chord,baseline,1837574bc7ed6a7228b5e0eb65ae216b,0,,,15,18,4,3,0.0452833820061303,4.047660933398457,0.011187543312356926,True,True,1,4,0,-3
random_0062,random_cycle_chord,baseline,ac248208ae374e8a4f8aa20e84131332,0,,,14,17,4,3,0.04830456271971683,4.289959876169119,0.011259910142295364,True,True,1,4,0,-3
random_0063,random_cycle_chord,crossing_rich,cb26cc24301cc90da9033428f0e0387b,2,2.0,8.95136271573112,9,12,4,3,0.07149749376988873,6.080918979866955,0.011757679062425698,True,True,1,4,0,-3
random_0064,random_cycle_chord,crossing_rich,4f5a61a4f571d85b5f4ecbbdca508b0d,3,3.0,9.785079319594498,10,13,4,3,0.06540570383710718,5.625930512976503,0.011625757496692415,True,True,1,4,0,-3
random_0065,random_cycle_chord,baseline,2628a87ca662ceb07ab825aa2ed1faee,0,,,11,13,3,3,0.04592547377629069,4.09597422930165,0.011212344415585065,True,True,1,3,0,-2
random_0066,random_cycle_chord,crossing_rich,f0ee0a7c5d7344e4976a3191bc56adbe,2,2.0,9.783311047641886,10,13,4,3,0.06541752550679271,5.62450426117343,0.011630807351036616,True,True,1,4,0,-3
random_0067,random_cycle_chord,baseline,8603424a32f201376c6da364b388d315,0,,,11,13,3,3,0.0455052172520573,4.063869887871233,0.011197508411346847,True,True,1,3,0,-2
random_0068,random_cycle_chord,baseline,f4c63b03cb04e53779a197f375d70184,0,,,12,14,3,3,0.055648949557466805,4.875359063665131,0.01141432842807516,True,True,1,3,0,-2
random_0069,random_cycle_chord,baseline,f2551d12306507df164d13e621c6cf57,0,,,10,12,3,3,0.053060071538374984,4.672832104443778,0.01135501348056478,True,True,1,3,0,-2
random_0070,random_cycle_chord,crossing_rich,544a2de3e86737771a60badf7d854343,2,2.0,8.921403505362678,9,12,4,3,0.07173759146924522,6.084512021877084,0.011790196356143286,True,True,1,4,0,-3
random_0071,random_cycle_chord,crossing_rich,c1a4b3143d45077c7153c3b7a674dbd0,11,11.0,14.111704532766797,15,22,8,3,0.045352423480377324,4.046107014438829,0.011208903600061462,True,True,1,8,0,-7
random_0072,random_cycle_chord,baseline,1d8c899343a1e845cae1da6413821259,0,,,14,16,3,3,0.048301398764996055,4.296001689248705,0.011243337935801213,True,True,1,3,0,-2
random_0073,random_cycle_chord,crossing_rich,c36c091e0a677f1e54f027fc8bbb4661,9,9.0,13.248798898824917,14,20,7,3,0.04830626571415193,4.297405095040499,0.011240798725235535,True,True,1,7,0,-6
random_0074,random_cycle_chord,crossing_rich,c87a2efe6cc18dd2d2f16e93c3b14a50,2,2.0,9.815395947876514,10,13,4,3,0.06520368647364237,5.608094971929429,0.011626708677369183,True,True,1,4,0,-3
random_0075,random_cycle_chord,crossing_rich,74b2009f75f7aa39b3078aa9dd4b778d,2,2.0,8.948013612454037,9,12,4,3,0.07152425417740026,6.074229116809655,0.011775033967596974,True,True,1,4,0,-3
random_0076,random_cycle_chord,crossing_rich,0fe2ecc105b7dafca4fbcce573bdc203,5,5.0,14.131884299144058,15,20,6,3,0.045287662030941166,4.048928012604849,0.01118509933739367,True,True,1,6,0,-5
random_0077,random_cycle_chord,crossing_rich,3fab4ef2f63da835bddba85944e4d7b7,4,4.0,12.250614216087927,11,15,5,3,0.05224227852669869,4.61034505427365,0.011331533304274412,True,True,1,5,0,-4
random_0078,random_cycle_chord,baseline,5a09f2d469638693e252e3673038fcb1,0,,,14,17,4,3,0.0483143064781897,4.292995539544082,0.011254217721204692,True,True,1,4,0,-3
random_0079,random_cycle_chord,crossing_rich,e6f3579f17341a66c381e2108d3e8d8f,5,5.0,14.138895432562618,12,17,6,3,0.04526520498383816,4.043717535385501,0.011193958180247343,True,True,1,6,0,-5
random_0080,random_cycle_chord,crossing_rich,b760840125e061ef715323aca4c53bb2,5,5.0,12.302626261782029,11,16,6,3,0.05202141285785075,4.586816940116728,0.011341506220330406,True,True,1,6,0,-5
random_0081,random_cycle_chord,baseline,b7f57d3553d50f25c5be44b65115c3b8,0,,,13,15,3,3,0.051732818114885885,4.564334338860598,0.0113341430040377,True,True,1,3,0,-2
random_0082,random_cycle_chord,crossing_rich,8f0fcd64f35ed098799bcfa36390d34a,4,4.0,11.833783149465587,11,15,5,3,0.05408245122599719,4.758171412633622,0.011366225916620109,True,True,1,5,0,-4
random_0083,random_cycle_chord,crossing_rich,3121daef6f57004910b13a12729ca2fa,6,6.0,12.971745381774852,13,18,6,3,0.049338002031645824,4.378113839348448,0.011269236900196343,True,True,1,6,0,-5
random_0084,random_cycle_chord,crossing_rich,67bd3f475c31a95ddcf874e77304dbc0,2,2.0,9.786698367159993,10,13,4,3,0.06539488354393025,5.624117309423912,0.01162758170679565,True,True,1,4,0,-3
random_0085,random_cycle_chord,baseline,59b8a3996410db2fb3f2d81dd28a72be,0,,,15,18,4,3,0.04530466483193503,4.046901681535816,0.011194901284268838,True,True,1,4,0,-3
random_0086,random_cycle_chord,crossing_rich,7272a6665a131dd6ed0f15277302953e,5,5.0,14.189917202065637,12,17,6,3,0.04510244780757669,4.037108091781537,0.011171969336018798,True,True,1,6,0,-5
random_0087,random_cycle_chord,baseline,9bbef8e001607652ee9387dc9d688c9c,0,,,12,14,3,3,0.0557024840682614,4.869684970306047,0.011438621678387675,True,True,1,3,0,-2
random_0088,random_cycle_chord,crossing_rich,903374818a4c6203cdd98492aba07cc5,6,6.0,13.697481664885604,12,17,6,3,0.046723917261424934,4.165146455751351,0.011217832976054717,True,True,1,6,0,-5
random_0089,random_cycle_chord,baseline,cbd8ea23fe0cce2b3ac0542bd6ba42a9,0,,,13,15,3,3,0.05177083291903727,4.5618601474584075,0.011348623422373184,True,True,1,3,0,-2
random_0090,random_cycle_chord,crossing_rich,4b011076f0b1f9550e5fa13ae5b0a0c2,3,3.0,14.226672298540965,10,13,4,3,0.0449859240846952,4.022754673401632,0.011182865408656702,True,True,1,4,0,-3
random_0091,random_cycle_chord,crossing_rich,424f7646e94f7765f921feee852c5612,2,2.0,10.170913109158233,10,13,4,3,0.06292453717097655,5.434355318582439,0.011579025198409466,True,True,1,4,0,-3
random_0092,random_cycle_chord,baseline,b368b74748fda659bbd4e4bd3936498d,0,,,13,15,3,3,0.05176908227647721,4.56244961150921,0.011346773484551985,True,True,1,3,0,-2
random_0093,random_cycle_chord,crossing_rich,40fefe67014c9d9fec69d338e16b2e23,4,4.0,11.497586044560096,12,16,5,3,0.05566385826725829,4.880745124788217,0.011404786942172816,True,True,1,5,0,-4
random_0094,random_cycle_chord,baseline,942675039b454c8ca47b08cbb49440d7,0,,,14,16,3,3,0.0483144499931357,4.295415962061426,0.011247909496976625,True,True,1,3,0,-2
random_0095,random_cycle_chord,baseline,4dd12823b4c3d089de2f1ce5c865f355,0,,,14,17,4,3,0.048303869712892966,4.292743201794593,0.011252448013358778,True,True,1,4,0,-3
random_0096,random_cycle_chord,crossing_rich,35ce512d813d2e0cbbfacd86ff8a5dfc,5,5.0,13.246570204636821,14,19,6,3,0.048314393092936225,4.295505310441275,0.011247662289113294,True,True,1,6,0,-5
random_0097,random_cycle_chord,crossing_rich,a80e9b3e3dc8eb9387cefc9f549c7f07,4,4.0,14.264341320670079,12,17,6,3,0.04486712604616331,4.014569200091867,0.01117607489369883,True,True,1,6,0,-5
random_0098,random_cycle_chord,crossing_rich,c3024cdf43e7f0d6ca675cff2f56acd5,4,4.0,10.635482839185414,11,15,5,3,0.060175923338617175,5.225497872805873,0.011515825822412062,True,True,1,5,0,-4
random_0099,random_cycle_chord,baseline,7c306ea22fa11127d6be2c859c9e00b5,0,,,13,16,4,3,0.05174378814076391,4.570487479523393,0.011321284299013048,True,True,1,4,0,-3
random_0100,random_cycle_chord,crossing_rich,3a49a0000461226249f1a48ca1897deb,2,2.0,13.890434209437256,11,15,5,3,0.0460748735676801,4.115986298613852,0.011194127051199567,True,True,1,5,0,-4
random_0101,random_cycle_chord,baseline,2226627352f2e0a6e64c2716162ef8cd,0,,,15,18,4,3,0.045316501304035944,4.046931512124425,0.011197743566519409,True,True,1,4,0,-3
random_0102,random_cycle_chord,baseline,3ca5a84a5a01a85355ed481307b72a5c,0,,,12,14,3,3,0.055664912932866,4.879021331872589,0.011409032497814796,True,True,1,3,0,-2
random_0103,random_cycle_chord,crossing_rich,9000479d2e59a126b74cc6270d44f3d5,4,4.0,10.626802405210016,11,15,5,3,0.06022507764764934,5.229188391282602,0.011517098475176086,True,True,1,5,0,-4
random_0104,random_cycle_chord,crossing_rich,f188d5f3d7508db672acba1e5e35a951,2,2.0,11.146147927935706,11,14,4,3,0.05741894008027306,4.999741351834933,0.011484382098925975,True,True,1,4,0,-3
random_0105,random_cycle_chord,crossing_rich,9a9d31dddbd26369d4b9887955f66826,5,5.0,14.05210258009983,12,17,6,3,0.04554478565409486,4.064418170154768,0.01120573320642363,True,True,1,6,0,-5
random_0106,random_cycle_chord,crossing_rich,4b515ee3d5d80da19bc67dc49bd87ed5,5,5.0,12.630053875842721,12,17,6,3,0.0506727846366607,4.476621788167238,0.01131942501164623,True,True,1,6,0,-5
random_0107,random_cycle_chord,crossing_rich,cef8e8826a17d803155f6dbb64f1a12f,3,3.0,11.233322295144259,11,15,5,3,0.05697334975216084,4.972654388217962,0.011457331498274152,True,True,1,5,0,-4
random_0108,random_cycle_chord,baseline,15690ba2e9cfb14a6cdecbf5ca5b8d49,0,,,13,15,3,3,0.05178523688383248,4.563169799555131,0.011348522881809282,True,True,1,3,0,-2
random_0109,random_cycle_chord,crossing_rich,ceefd8f4d6f9a7cc73afc7349328cf40,9,9.0,13.249704052226255,14,20,7,3,0.04830296567208724,4.293948302057691,0.011249079465847344,True,True,1,7,0,-6
random_0110,random_cycle_chord,crossing_rich,575fb17dc106cdae524c5b8821faae23,2,2.0,10.611330851841803,11,14,4,3,0.06031288713318326,5.223317906508876,0.011546853592431398,True,True,1,4,0,-3
random_0111,random_cycle_chord,crossing_rich,f9b901ec7382c723cafc32de5113e90c,6,6.0,11.489911600787243,12,17,6,3,0.05570103776569959,4.871722454015456,0.011433540865980309,True,True,1,6,0,-5
random_0112,random_cycle_chord,crossing_rich,70da9ce31b854287053639114322680a,6,6.0,11.499903926377007,12,17,6,3,0.05565263884788202,4.876993544323168,0.011411259486423112,True,True,1,6,0,-5
random_0113,random_cycle_chord,baseline,88d39fe6d7472f11b628dbcdfb9197a7,0,,,15,17,3,3,0.04537811278173987,4.047449544363884,0.011211532666276069,True,True,1,3,0,-2
random_0114,random_cycle_chord,crossing_rich,e4d407a5754b14e0d77d168a4e94f636,8,8.0,13.240022196325713,14,20,7,3,0.048338287542872005,4.289345421003061,0.01126938560512763,True,True,1,7,0,-6
random_0115,random_cycle_chord,crossing_rich,7fb768e017b3b1a07bb2dec1fbe50566,4,4.0,10.625697958020549,11,15,5,3,0.06023133751104901,5.226566881689719,0.01152407285211599,True,True,1,5,0,-4
random_0116,random_cycle_chord,crossing_rich,a8ced580481e578e4757ce5ccef9f4dc,7,7.0,13.975184383030737,13,19,7,3,0.045795460185635566,4.091775506169442,0.011192075449053035,True,True,1,7,0,-6
random_0117,random_cycle_chord,crossing_rich,6d7be31ac542a0764936711ec3c54ff3,5,5.0,12.886400792261668,12,17,6,3,0.049664759797345616,4.395856907194555,0.011298083819803354,True,True,1,6,0,-5
random_0118,random_cycle_chord,baseline,20c28f1a1912b71b12c741edcd739f5f,0,,,15,18,4,3,0.045348524056605395,4.048036292485917,0.011202598193297487,True,True,1,4,0,-3
random_0119,random_cycle_chord,crossing_rich,2a9302e169185c573c2e7215a2534a9b,4,4.0,12.368514362526106,13,17,5,3,0.05174429048156827,4.571024660151329,0.011320063733774567,True,True,1,5,0,-4
random_0120,random_cycle_chord,crossing_rich,01f1e0ddfc6103e0c7f99c04b3d36683,3,3.0,11.09231954078539,11,15,5,3,0.05769758053279855,5.028952301172117,0.011473081683306234,True,True,1,5,0,-4
random_0121,random_cycle_chord,crossing_rich,3fd2c2eb659a4ae21fb8db078f758c89,5,5.0,14.268882088691269,12,17,6,3,0.04485284803826565,4.013654361651658,0.011175064915108501,True,True,1,6,0,-5
random_0122,random_cycle_chord,crossing_rich,c55fd4e0b34b4d785a84453449ce91ea,3,3.0,12.197030733583466,11,15,5,3,0.052471787107809406,4.62649086578886,0.011341595310566442,True,True,1,5,0,-4
random_0123,random_cycle_chord,baseline,4037cfb9ac0f246d7e72353c4ec553cc,0,,,14,17,4,3,0.04832693487501599,4.291401515208911,0.011261340777306263,True,True,1,4,0,-3
random_0124,random_cycle_chord,crossing_rich,3ccf1ab183d9d1af797d2cff83852140,6,6.0,13.246494081875776,14,19,6,3,0.048314670738098614,4.291346967626136,0.011258626045058541,True,True,1,6,0,-5
random_0125,random_cycle_chord,crossing_rich,05d80196f323e04ff56b34017006403f,2,2.0,9.772991398173712,10,13,4,3,0.0654866022003864,5.617715995585077,0.011657157864842555,True,True,1,4,0,-3
random_0126,random_cycle_chord,crossing_rich,c66e503e4cefed994a264a48ab31b7a5,5,5.0,14.1361643577531,12,17,6,3,0.04527395011851192,4.047493376164131,0.011185676148386612,True,True,1,6,0,-5
random_0127,random_cycle_chord,crossing_rich,b9a7447ce037faba7523c9a69bab3e94,6,6.0,11.499548484408232,12,17,6,3,0.05565435902703048,4.877573276402427,0.011410255853312307,True,True,1,6,0,-5
random_0128,random_cycle_chord,crossing_rich,d357a12c7ca2c6575674ecb615719dcd,9,9.0,13.246738506667635,14,20,7,3,0.048313779250482025,4.295888711174507,0.011246515563777933,True,True,1,7,0,-6
random_0129,random_cycle_chord,baseline,36e1f5945e20d9ab08e180f10c149151,0,,,15,18,4,3,0.04528197966143042,4.051882747726204,0.011175540478519848,True,True,1,4,0,-3
random_0130,random_cycle_chord,crossing_rich,fada26ce68222f6c2a4088c8054107a1,6,6.0,13.79877862650476,13,18,6,3,0.04638091655233058,4.140839408227843,0.011200848905217563,True,True,1,6,0,-5
random_0131,random_cycle_chord,baseline,c18ac2ee1d30e6b17c0f69aceb06b3a0,0,,,14,16,3,3,0.048384383877629895,4.290176427936548,0.011277947350268156,True,True,1,3,0,-2
random_0132,random_cycle_chord,crossing_rich,3413ec26db867dbc204368c4635ec429,8,8.0,12.718845412774604,13,19,7,3,0.05031903283903383,4.4453910134942305,0.011319371611245809,True,True,1,7,0,-6
random_0133,random_cycle_chord,crossing_rich,220512b00397ad3ee46f54b86869922b,4,4.0,12.363403608945255,12,16,5,3,0.051765680409959505,4.571585762049141,0.011323353231102102,True,True,1,5,0,-4
random_0134,random_cycle_chord,crossing_rich,a9ca2a8949c4cb974344fa065ab4c92a,4,4.0,10.637162923817959,11,15,5,3,0.06016641886409004,5.223186204659375,0.011519102805566882,True,True,1,5,0,-4
random_0135,random_cycle_chord,crossing_rich,69b3e3dd7eb2f54db193b652ca130066,5,5.0,12.852140161381561,12,17,6,3,0.049797153778565875,4.411171569751423,0.011288872579801294,True,True,1,6,0,-5
random_0136,random_cycle_chord,crossing_rich,18e5020b14cea3b8ce7dd9567b78df27,5,5.0,12.371856059475203,13,18,6,3,0.05173031410350469,4.566907047869194,0.011327209763912487,True,True,1,6,0,-5
random_0137,random_cycle_chord,baseline,62c285453040d1bf75cf8872f45e6677,0,,,14,18,5,3,0.0483139818964296,4.295669173660039,0.011247137510653465,True,True,1,5,0,-4
random_0138,random_cycle_chord,crossing_rich,ad639fff94e4a66bf5a2227d94e1836d,5,5.0,14.295952274690215,12,17,6,3,0.04476791665939361,4.0041546288456376,0.01118036659645679,True,True,1,6,0,-5
random_0139,random_cycle_chord,crossing_rich,c9dfe3034a0e4af4e844f226a541b36e,9,9.0,13.247288783863068,14,20,7,3,0.04831177235145684,4.295436931543328,0.011247231218012242,True,True,1,7,0,-6
random_0140,random_cycle_chord,crossing_rich,8b8935ea945cc27aac069c85a801a65f,3,3.0,12.279650502750064,11,15,5,3,0.052118747179056124,4.602361921186695,0.011324347817830366,True,True,1,5,0,-4
random_0141,random_cycle_chord,crossing_rich,c8adcf4cfbfb7db13c37da4f58858f42,9,9.0,13.25021457303279,14,20,7,3,0.048301104595132066,4.293696563873924,0.011249305552126188,True,True,1,7,0,-6
random_0142,random_cycle_chord,crossing_rich,3d2696dd00af53f88fa8ff6595bb0df7,2,2.0,12.389717554941855,12,15,4,3,0.05165573768424808,4.559346853140806,0.011329635438607594,True,True,1,4,0,-3
random_0143,random_cycle_chord,baseline,cdb5c27d5dff0b0d326855a2ac7d7e4b,0,,,15,18,4,3,0.045307390991128134,4.045759407920302,0.011198735867098464,True,True,1,4,0,-3
random_0144,random_cycle_chord,crossing_rich,51c649782519fad82f174ab8ea47ce77,2,2.0,10.823320165881283,10,13,4,3,0.059131577943845146,5.1499066809601155,0.011482067852309322,True,True,1,4,0,-3
random_0145,random_cycle_chord,crossing_rich,3116bf58ed10c8f08a0864a083184f1d,2,2.0,9.852915535349979,10,13,4,3,0.0649553929193677,5.5914946017363265,0.01161682118036868,True,True,1,4,0,-3
random_0146,random_cycle_chord,crossing_rich,d225b8f4cd850922e71c75c0e5cd79de,4,4.0,10.620486997115524,11,15,5,3,0.060260890124324916,5.223209587784184,0.011537138058802096,True,True,1,5,0,-4
random_0147,random_cycle_chord,crossing_rich,efb1cb39d45657295accf77a74969e88,9,9.0,14.136926870358968,15,21,7,3,0.04527150814806111,4.039761983552414,0.011206479077822068,True,True,1,7,0,-6
random_0148,random_cycle_chord,baseline,56ff7b5b44056ba4d84195d67cb019a7,0,,,15,19,5,3,0.045285741372736416,4.046529343834296,0.0111912549063158,True,True,1,5,0,-4
random_0149,random_cycle_chord,baseline,fd67cdcaf26bf516990e805cc87b73f2,0,,,14,16,3,3,0.04830110176971391,4.295567457987001,0.011244405364861591,True,True,1,3,0,-2
random_0150,random_cycle_chord,crossing_rich,3d0413d4a1cb37376ec8849f5460f121,6,6.0,13.269860974678515,13,18,6,3,0.048229593454011684,4.27772688094093,0.011274584562398028,True,True,1,6,0,-5
random_0151,random_cycle_chord,crossing_rich,c4365d72dce08edef88398c38d8f58b5,2,2.0,9.770799679410604,10,13,4,3,0.06550129170579887,5.6178774691231625,0.011659437583999548,True,True,1,4,0,-3
random_0152,random_cycle_chord,crossing_rich,d5be314abd27fdbd8aa7a387dcc30d67,3,3.0,12.013465385572736,11,15,5,3,0.053273554254261356,4.691160728639793,0.011356156255534669,True,True,1,5,0,-4
random_0153,random_cycle_chord,crossing_rich,29eccc70a5cc9ece424f8c9ca0aaa40a,8,8.0,14.122958095608311,15,21,7,3,0.045316285417501524,4.044004705800209,0.011205794432559778,True,True,1,7,0,-6
random_0154,random_cycle_chord,crossing_rich,de1abbfd3d197891aa6af6a8b678ab3f,7,7.0,13.243786191188585,14,20,7,3,0.04832454939704536,4.293750623185373,0.011254624135855191,True,True,1,7,0,-6
random_0155,random_cycle_chord,baseline,a131a31a5c0b87130153642a4b62b6ed,0,,,15,17,3,3,0.045312138061820974,4.046207992161876,0.01119866753009176,True,True,1,3,0,-2
random_0156,random_cycle_chord,crossing_rich,138fcf60644ab758b7855d7e12429d99,2,2.0,10.635741249270357,11,14,4,3,0.060174461281098386,5.23004252054997,0.011505539590674433,True,True,1,4,0,-3
random_0157,random_cycle_chord,crossing_rich,fd65a7fc79b951e198d1689ddd9629ab,3,3.0,12.953783201492215,12,16,5,3,0.04940641587442,4.380321423499857,0.011279175909183509,True,True,1,5,0,-4
random_0158,random_cycle_chord,crossing_rich,b305b70f623a871a7070c53e144609b5,3,3.0,11.148104355042026,11,15,5,3,0.057408863392146396,5.006175147507171,0.011467609841963518,True,True,1,5,0,-4
random_0159,random_cycle_chord,crossing_rich,1e980ca8b3b9537471d99eab5e04d5cf,3,3.0,12.995988045995722,11,15,5,3,0.049245967119613855,4.36564313961794,0.011280346456335326,True,True,1,5,0,-4
random_0160,random_cycle_chord,crossing_rich,58df12548886d8bab7ac36163f349b90,4,4.0,10.609783806904344,11,15,5,3,0.06032168153921462,5.223567655925333,0.01154798511526676,True,True,1,5,0,-4
random_0161,random_cycle_chord,crossing_rich,c8281b74250482ec64f30f695c9107c9,9,9.0,13.243960451135278,14,20,7,3,0.048323913557529456,4.294335740866383,0.011252942590785903,True,True,1,7,0,-6
random_0162,random_cycle_chord,crossing_rich,6d1233519c230cbb3f48768e4f1dd4c4,3,3.0,12.826176964751346,11,15,5,3,0.049897954921317225,4.410486446508878,0.011313481069829377,True,True,1,5,0,-4
random_0163,random_cycle_chord,crossing_rich,0eec88d76046ce65103af1014c016587,9,9.0,13.24933123688765,14,20,7,3,0.0483043248415563,4.297807616898618,0.011239294344313542,True,True,1,7,0,-6
random_0164,random_cycle_chord,crossing_rich,6b7f16b2cf53d00a6966ec7ac1369396,8,8.0,14.302162135809485,12,17,6,3,0.044748478860939495,4.006912120547641,0.011167821383320864,True,True,1,6,0,-5
random_0165,random_cycle_chord,crossing_rich,addd12b33e8d04357a695b01b2e9b854,4,4.0,12.433609043640809,12,16,5,3,0.05147338940396627,4.54700905477296,0.011320274225083202,True,True,1,5,0,-4
random_0166,random_cycle_chord,crossing_rich,e7776783807ce23ed507aaa65b87c906,4,4.0,10.614712840181049,11,15,5,3,0.060293670647154685,5.222917129161992,0.011544060370115176,True,True,1,5,0,-4
random_0167,random_cycle_chord,crossing_rich,e756d46da8759e602b7402a988779cfd,12,12.0,13.249191607663136,14,21,8,3,0.04830483390623119,4.2926491777586016,0.011252919096326775,True,True,1,8,0,-7
random_0168,random_cycle_chord,crossing_rich,e524468240874c83e768c076d3cf7886,5,5.0,13.249115456169664,14,19,6,3,0.04830511154629374,4.296945004544336,0.011241733719004438,True,True,1,6,0,-5
random_0169,random_cycle_chord,baseline,e94f867d27077466c90decafe235e8cb,0,,,15,17,3,3,0.04530919591788509,4.044960445936868,0.011201394061442016,True,True,1,3,0,-2
random_0170,random_cycle_chord,crossing_rich,a5ca592011300b095e110ef0ced8438c,9,9.0,13.241742826493121,14,20,7,3,0.04833200647270798,4.289890414080723,0.011266489771875677,True,True,1,7,0,-6
random_0171,random_cycle_chord,crossing_rich,a2e312c80792e1f56e615b43281f7702,4,4.0,12.480541561411888,12,17,6,3,0.05127982602764544,4.53382855089594,0.011310490781022569,True,True,1,6,0,-5
random_0172,random_cycle_chord,crossing_rich,c383854da246cfd06414750915e8fc8f,3,3.0,12.847736408183678,12,16,5,3,0.04981422249543791,4.413229371823495,0.011287476425648653,True,True,1,5,0,-4
random_0173,random_cycle_chord,baseline,7b500e1aa37ad85385a5873be11c8e1c,0,,,14,16,3,3,0.048309543923550746,4.2964316510716625,0.011244108564254911,True,True,1,3,0,-2
random_0174,random_cycle_chord,baseline,f861b6c294536387412623a8370c9896,0,,,14,16,3,3,0.048302070222431756,4.2922693236199985,0.011253271074261233,True,True,1,3,0,-2
random_0175,random_cycle_chord,crossing_rich,9e66b0fa81952d5b2891447f79eb22f8,2,2.0,9.786766249571823,10,13,4,3,0.06539442995565573,5.6245445873132605,0.011626617753757272,True,True,1,4,0,-3
random_0176,random_cycle_chord,crossing_rich,d86c5f9e478e64f89adb822abc677322,4,4.0,10.634555854107358,11,15,5,3,0.06018116870887602,5.227774734636688,0.011511813680521643,True,True,1,5,0,-4
random_0177,random_cycle_chord,baseline,e6355c3d0fa65e467c10944d3c9c4dc9,0,,,14,16,3,3,0.048302163976697746,4.296864754168436,0.011241257693726404,True,True,1,3,0,-2
random_0178,random_cycle_chord,crossing_rich,e385cb3400b8d099ae09b57f8e571803,3,3.0,12.944058463110519,12,16,5,3,0.049443534408002435,4.375683173923444,0.011299614812758263,True,True,1,5,0,-4
random_0179,random_cycle_chord,crossing_rich,648d8ef4081e2275138b6441a5636b21,8,8.0,13.247988139435334,14,20,7,3,0.04830922199385956,4.296483355036822,0.011243898323782876,True,True,1,7,0,-6
random_0180,random_cycle_chord,baseline,81e5278df3f8e320a85c07960e14ee58,0,,,14,17,4,3,0.048300852775518315,4.2950547238226315,0.011245689724886715,True,True,1,4,0,-3
random_0181,random_cycle_chord,baseline,db66966f42fa5c2f6d83cadf8fe17186,0,,,15,19,5,3,0.04528605855527297,4.0493248566423885,0.011183607183549897,True,True,1,5,0,-4
random_0182,random_cycle_chord,baseline,9e7c203bbd0aae55bad8bf7d22d16691,0,,,14,16,3,3,0.04830075076035786,4.294543010219189,0.011247005943454888,True,True,1,3,0,-2
random_0183,random_cycle_chord,crossing_rich,62ceed91122ba634418f3451ac5a93b5,6,6.0,11.49737158946123,12,17,6,3,0.055664896539191586,4.879056532943647,0.011408946824727132,True,True,1,6,0,-5
random_0184,random_cycle_chord,crossing_rich,789ee8cd1e3f8635a6c7952abf77c8df,4,4.0,14.091357708335797,13,18,6,3,0.04541790885213321,4.051507152987461,0.011210126784212487,True,True,1,6,0,-5
random_0185,random_cycle_chord,crossing_rich,e2e4547f237f4b7d6245ef6308d564b1,3,3.0,11.076021639316757,11,15,5,3,0.057782480103522035,5.039915580509973,0.011464969835402522,True,True,1,5,0,-4
random_0186,random_cycle_chord,crossing_rich,1bd7a88747bdc961e21c3ee07c2e7c28,5,5.0,14.139135118637435,12,17,6,3,0.04526443764982393,4.04238976353344,0.011197445149440124,True,True,1,6,0,-5
random_0187,random_cycle_chord,crossing_rich,1a8b3b760602c501f86d5dd9bb35a807,6,6.0,13.247900266027505,14,19,6,3,0.04830954242924033,4.292644418013497,0.011254028455400574,True,True,1,6,0,-5
random_0188,random_cycle_chord,crossing_rich,7098e12f2c1ffb07fc9bc06a5d65efd0,4,4.0,11.500014747187382,12,16,5,3,0.05565210254678396,4.876805638993751,0.011411589197199758,True,True,1,5,0,-4
random_0189,random_cycle_chord,crossing_rich,a90d9ad1a2bf25ca375cad6f63aa03ff,4,4.0,13.250000311081633,14,18,5,3,0.04830188565842797,4.291184004408097,0.011256074223060604,True,True,1,5,0,-4
random_0190,random_cycle_chord,crossing_rich,f119d9aa78d77bc03bb4602f6e07751f,3,3.0,13.14918471809649,13,17,5,3,0.048672219131517994,4.31676304895336,0.011275165808167079,True,True,1,5,0,-4
random_0191,random_cycle_chord,crossing_rich,a51f209ae39a56fb708ea506a898b2e0,6,6.0,13.878341945857603,13,18,6,3,0.04611501881829816,4.116056324467752,0.011203689935963474,True,True,1,6,0,-5
random_0192,random_cycle_chord,crossing_rich,0b41205c17a4bb7d4c07126bb8995d97,3,3.0,11.95501856792213,10,13,4,3,0.05353400301002098,4.702640600943084,0.011383817636262715,True,True,1,4,0,-3
random_0193,random_cycle_chord,crossing_rich,7e34be1a88a2550a4be4d370c1ec57a1,4,4.0,11.046554445643883,11,15,5,3,0.057936617535287546,5.05562383297021,0.011459835511782812,True,True,1,5,0,-4
random_0194,random_cycle_chord,crossing_rich,d371ad1b1762d15fee4b18c643434bfd,2,2.0,14.1457736439278,11,15,5,3,0.04524319532532077,4.038042218175761,0.011204240292901143,True,True,1,5,0,-4
random_0195,random_cycle_chord,crossing_rich,6131b4a2508794607a78bcc22975067c,8,8.0,13.062321634933118,13,19,7,3,0.04899588433716262,4.342748822992914,0.011282228453497313,True,True,1,7,0,-6
random_0196,random_cycle_chord,crossing_rich,fa5ad0dbca8e8ac23d6d5fb1f00cf849,6,6.0,11.48313910520923,12,17,6,3,0.055733888977245724,4.870689987107235,0.01144270916949629,True,True,1,6,0,-5
random_0197,random_cycle_chord,crossing_rich,abd746e482f4f756f2952f875de5a898,6,6.0,13.339476228418253,13,18,6,3,0.047977895761495644,4.268701786915765,0.011239458307571488,True,True,1,6,0,-5
random_0198,random_cycle_chord,crossing_rich,8c0af09334e90c0dcd050a290d79e6f5,5,5.0,13.412656298102563,13,18,6,3,0.047716126155453516,4.241892200068833,0.011248783303517057,True,True,1,6,0,-5
random_0199,random_cycle_chord,crossing_rich,f57eeb29ecd3774cc3f8c63513aebae3,6,6.0,13.09264248129068,13,18,6,3,0.04888241628185882,4.3446250689813075,0.011251239291246913,True,True,1,6,0,-5
random_0200,random_cycle_chord,crossing_rich,fae36ee7f76a92113e0c83a20912d0aa,2,2.0,10.210041848514924,10,13,4,3,0.06268338656154378,5.40521525691084,0.011596834461199284,True,True,1,4,0,-3
random_0201,random_cycle_chord,crossing_rich,84616684ba6ae8a13a75a646a9534e02,7,7.0,14.319436827524097,12,17,6,3,0.04469449516127788,4.002434947844254,0.011166826130516056,True,True,1,6,0,-5
random_0202,random_cycle_chord,crossing_rich,0b02e1f0246c8dc1db108a62b2a581aa,9,9.0,14.131127646559358,15,21,7,3,0.04529008696314671,4.0488308381260785,0.011185966708381507,True,True,1,7,0,-6
random_0203,random_cycle_chord,crossing_rich,11ff92b909908f11810d96187ae2e39a,6,6.0,13.512913454051505,13,18,6,3,0.0473621030857792,4.22175787916019,0.011218573978288085,True,True,1,6,0,-5
random_0204,random_cycle_chord,crossing_rich,fe4862362a6626967e0cc9665214f1ff,5,5.0,14.27210938216178,12,17,6,3,0.04484270564797619,4.00766371877466,0.01118923861747732,True,True,1,6,0,-5
random_0205,random_cycle_chord,baseline,13d07bf53ced6b7924ec4c5f8f39b04c,0,,,15,18,4,3,0.04533479315122783,4.045769960649166,0.011205479696614685,True,True,1,4,0,-3
random_0206,random_cycle_chord,crossing_rich,f1d21bb4d9595abebfacc89e53dbe7e9,9,9.0,14.21106630482654,15,21,7,3,0.04503532572940253,4.021887127393637,0.011197560822296731,True,True,1,7,0,-6
random_0207,random_cycle_chord,crossing_rich,0c4ab11ed1a92e2d4ff47ffd92f9e158,7,7.0,13.265980929806481,14,19,6,3,0.048243699684659205,4.283808279597645,0.011261871805614623,True,True,1,6,0,-5
random_0208,random_cycle_chord,crossing_rich,6c56fb5e1c1d260e392b9205b0f2027c,4,4.0,12.365798675217746,13,17,5,3,0.05175565418856622,4.566611422814691,0.011333492035253122,True,True,1,5,0,-4
random_0209,random_cycle_chord,crossing_rich,f1d2308685a736fdeec8f1e4f66b0a36,12,12.0,14.11135131938562,15,22,8,3,0.04535355867164849,4.045871000930136,0.01120983804506417,True,True,1,8,0,-7
random_0210,random_cycle_chord,crossing_rich,46351e73333da2182e6f35d4e194ca60,2,2.0,12.228886355604924,11,14,4,3,0.052335100792449976,4.6073565191329555,0.011359029971984621,True,True,1,4,0,-3
random_0211,random_cycle_chord,crossing_rich,7ed8a524f788aeaba025b2660e322486,5,5.0,13.246505360190184,14,19,6,3,0.04831462960211352,4.295442062493406,0.011247882965058076,True,True,1,6,0,-5
random_0212,random_cycle_chord,crossing_rich,8b831f8e412e4a3d567adf85696c93ab,8,8.0,13.247316277973212,14,20,7,3,0.04831167208290716,4.295450579584771,0.01124717213894178,True,True,1,7,0,-6
random_0213,random_cycle_chord,crossing_rich,7e4a50685ef75bd50022d036157f3cc3,3,3.0,12.274120741649913,12,16,5,3,0.05214222781989432,4.598537092696389,0.01133887294346479,True,True,1,5,0,-4
random_0214,random_cycle_chord,crossing_rich,d2e831f521a66349f116299a349eb204,9,9.0,13.2500029743415,14,20,7,3,0.048301875949715155,4.291438276862128,0.011255405025895693,True,True,1,7,0,-6
random_0215,random_cycle_chord,crossing_rich,888cf69773cfdfab6ab07bf60198473d,3,3.0,12.777787565360189,12,16,5,3,0.050086918155925635,4.438349022837525,0.011285033668646471,True,True,1,5,0,-4
random_0216,random_cycle_chord,crossing_rich,6b591a661b40bd4c815a8d730fe384bc,6,6.0,13.250206961402903,14,19,6,3,0.0483011323418784,4.295617457072879,0.011244281602019507,True,True,1,6,0,-5
random_0217,random_cycle_chord,crossing_rich,54949258b87cb182dbc4bda05188186a,3,3.0,12.951214086796197,11,15,5,3,0.04941621655783468,4.379036765578329,0.011284722920408823,True,True,1,5,0,-4
random_0218,random_cycle_chord,crossing_rich,3037236e0d53cede6895bdd0d0e733ff,6,6.0,13.247014808728956,14,19,6,3,0.04831277153689599,4.292858682251861,0.011254218951263741,True,True,1,6,0,-5
random_0219,random_cycle_chord,crossing_rich,03b79184f1a02553e9ec4d2faf0e1dfe,4,4.0,12.917138256366199,13,17,5,3,0.049546578142769096,4.394562430239132,0.011274519119773433,True,True,1,5,0,-4
random_0220,random_cycle_chord,crossing_rich,a4d41efd91ad8c878553d49658f59268,5,5.0,13.991789895018972,13,18,6,3,0.0457411099510462,4.086704610429817,0.011192663603410133,True,True,1,6,0,-5
random_0221,random_cycle_chord,crossing_rich,8d581796e28242a4a10f54d71e8ef107,3,3.0,12.532490191859607,12,16,5,3,0.05106726518052315,4.504188310759512,0.011337728722072902,True,True,1,5,0,-4
random_0222,random_cycle_chord,crossing_rich,3327b69a1457b550b124e42938803b20,6,6.0,13.191131058132566,13,18,6,3,0.04851744684967167,4.313472757429698,0.011247885306822279,True,True,1,6,0,-5
random_0223,random_cycle_chord,crossing_rich,92ed612add55cd89419c8ddbaf61e3a7,6,6.0,12.367787952903797,13,18,6,3,0.051747329630577654,4.57007891992362,0.011323071337998364,True,True,1,6,0,-5
random_0224,random_cycle_chord,crossing_rich,0df41eb2ae0636a4941059140d5ea5d1,3,3.0,13.90788668582915,12,16,5,3,0.046017055966676865,4.102998175666109,0.011215470735422919,True,True,1,5,0,-4
random_0225,random_cycle_chord,crossing_rich,11d791503c3a667541544086d31d8d36,2,2.0,10.983533465562736,11,14,4,3,0.058269044475225254,5.07957833803787,0.011471236507739993,True,True,1,4,0,-3
random_0226,random_cycle_chord,crossing_rich,e2ee3f2d0611d0a02c29055d1e7b5634,6,6.0,12.353184907264955,13,18,6,3,0.05180850159731792,4.562554874941132,0.011355151448559041,True,True,1,6,0,-5
random_0227,random_cycle_chord,crossing_rich,017b8ff54db2c1be058353f756f0a764,5,5.0,13.244939223248616,14,19,6,3,0.04832034252574137,4.293677166159861,0.01125383689919046,True,True,1,6,0,-5
random_0228,random_cycle_chord,baseline,946bafcc7406212e8232b67daff06ec3,0,,,15,17,3,3,0.045373676549576206,4.04734131145759,0.011210736396539672,True,True,1,3,0,-2
random_0229,random_cycle_chord,crossing_rich,da3139facf0fa1e39dc94863b59d6e4e,2,2.0,14.005386051545033,12,16,5,3,0.045696705370673954,4.076461994374006,0.011209893636624294,True,True,1,5,0,-4
random_0230,random_cycle_chord,crossing_rich,2c3157971cd10ac78a4d83c4e6d486ee,3,3.0,12.47143655930309,12,16,5,3,0.05131726380972454,4.538584194076947,0.011306888142935817,True,True,1,5,0,-4
random_0231,random_cycle_chord,baseline,3e0db153ae04214574c8c982b8d2f4f0,0,,,11,13,3,3,0.04510497535239937,4.031008396285696,0.011189501712266486,True,True,1,3,0,-2
random_0232,random_cycle_chord,crossing_rich,f02317bb044204b5a850cb20568ed5f1,2,2.0,10.644628083494268,11,14,4,3,0.06012422369104604,5.223413428952055,0.011510523627670887,True,True,1,4,0,-3
random_0233,random_cycle_chord,crossing_rich,2c353de2f7250d812096900d3c5deb87,3,3.0,14.094066478618034,12,16,5,3,0.04540917988225311,4.056632584331618,0.011193811354186234,True,True,1,5,0,-4
random_0234,random_cycle_chord,crossing_rich,cbaf1e371925cd13b01bcc294c94af92,6,6.0,11.496430782635585,12,17,6,3,0.055669451858629676,4.876289703748809,0.011416354490963065,True,True,1,6,0,-5
random_0235,random_cycle_chord,baseline,a82f7962bbd40f22b8276d5785511f99,0,,,15,18,4,3,0.04535336442587917,4.0459413579403805,0.011209595101241575,True,True,1,4,0,-3
random_0236,random_cycle_chord,crossing_rich,75e45a8f168b44bb06b3d8fb9873a2dd,6,6.0,12.348472826189772,13,18,6,3,0.05182827131810416,4.566721024862351,0.011349121401534783,True,True,1,6,0,-5
random_0237,random_cycle_chord,crossing_rich,e9197ff029e74839300ac41cd1da94ed,2,2.0,10.629224790201167,11,14,4,3,0.06021135243936143,5.22645600987468,0.011520493490349913,True,True,1,4,0,-3
random_0238,random_cycle_chord,crossing_rich,6df50fb4b82e5679900e584ad36b1649,9,9.0,14.131361860005198,15,21,7,3,0.045289336324430135,4.048826637390126,0.011185792917432406,True,True,1,7,0,-6
random_0239,random_cycle_chord,crossing_rich,cb3687284204b54a1f6026fa8a861744,2,2.0,10.02732897113631,10,13,4,3,0.06382557128047175,5.5017313970505075,0.011600997335982053,True,True,1,4,0,-3
random_0240,random_cycle_chord,crossing_rich,17d5be3190928ac65b932e0450ca81fd,5,5.0,13.243710002883569,14,19,6,3,0.04832482739811216,4.2933954597036745,0.011255619905427368,True,True,1,6,0,-5
random_0241,random_cycle_chord,crossing_rich,df8c0405d2c086a2f72eede416d50ac9,7,7.0,13.961329778075616,13,19,7,3,0.04584090557083134,4.096108678706264,0.01119133039832087,True,True,1,7,0,-6
random_0242,random_cycle_chord,crossing_rich,f02e99943ada11435c1f354c1371d333,6,6.0,12.86822388831409,13,18,6,3,0.04973491334582683,4.398404139824935,0.011307490572661743,True,True,1,6,0,-5
random_0243,random_cycle_chord,crossing_rich,9415cf06f1f21c14eee7e8e5f3b68da5,5,5.0,13.230800217062216,14,19,6,3,0.048371979736695506,4.28920828002088,0.01127760103467394,True,True,1,6,0,-5
random_0244,random_cycle_chord,baseline,828fd9d8f74b408aca56451cee5062d9,0,,,15,17,3,3,0.04528204252852217,4.051312901570229,0.01117712791598287,True,True,1,3,0,-2
random_0245,random_cycle_chord,crossing_rich,e66f2023342c38a1862f7f32954705ca,2,2.0,11.046485265968949,11,14,4,3,0.057936980368919366,5.051895248143253,0.011468365340752705,True,True,1,4,0,-3
random_0246,random_cycle_chord,crossing_rich,3d907658b061c947608e4508213c1474,6,6.0,12.61492892138514,13,18,6,3,0.050733539918330905,4.477017066939742,0.011331996094669734,True,True,1,6,0,-5
random_0247,random_cycle_chord,crossing_rich,d220f63baa57a77dced5879392b2ebb0,5,5.0,13.247942939071711,14,19,6,3,0.04830938681902604,4.295979797189536,0.011245254656604862,True,True,1,6,0,-5
random_0248,random_cycle_chord,baseline,2e9a4ce6f7c202cdd356e54ca85c8107,0,,,15,18,4,3,0.04535123231053919,4.04648554569688,0.011207560684052527,True,True,1,4,0,-3
random_0249,random_cycle_chord,crossing_rich,2142728dca8c155b0eb12854cf4815f0,2,2.0,10.632566676279058,11,14,4,3,0.060192427612781506,5.222033918374475,0.011526625172039926,True,True,1,4,0,-3
random_0250,random_cycle_chord,crossing_rich,81fe6e12228ca2916c7cff1c6f217b6f,6,6.0,14.279552002990842,12,17,6,3,0.044819333258210935,4.007983763327158,0.011182513678898973,True,True,1,6,0,-5
random_0251,random_cycle_chord,baseline,f6cb2ecb86208aa52b318c5c3087775d,0,,,13,15,3,3,0.05173807971107344,4.573343185717652,0.011312966818814116,True,True,1,3,0,-2
random_0252,random_cycle_chord,baseline,0cc2dea1c592c810d97e1a2b8cd499ac,0,,,15,19,5,3,0.045326194000746875,4.0454822222304765,0.01120415107787973,True,True,1,5,0,-4
random_0253,random_cycle_chord,baseline,e1049936c0149cf8e7fa6c9be31cc6cf,0,,,15,18,4,3,0.04528627426547169,4.050000439019254,0.011181794902826774,True,True,1,4,0,-3
random_0254,random_cycle_chord,crossing_rich,c842e44f7bd7eb990214d1e7c8c93acb,6,6.0,13.058183378546111,13,18,6,3,0.0490114115759383,4.351396579020999,0.011263375030497715,True,True,1,6,0,-5
random_0255,random_cycle_chord,crossing_rich,67525500a69e949f7574fcc131f48d90,6,6.0,13.249970738921583,14,19,6,3,0.048301993461767424,4.292047868884962,0.011253833819499286,True,True,1,6,0,-5
random_0256,random_cycle_chord,crossing_rich,37090a7e97dbb43c8e0b888e8d68bb98,7,7.0,13.719163824514178,13,18,6,3,0.046650073443719055,4.158933946012067,0.01121683442182366,True,True,1,6,0,-5
random_0257,random_cycle_chord,crossing_rich,79911bed486f52f2f6a291f36c1173e2,4,4.0,14.165987512389677,12,16,5,3,0.04517863646570713,4.035965051333066,0.011194010822959127,True,True,1,5,0,-4
random_0258,random_cycle_chord,crossing_rich,522b0736f8cee6921e9cb151cabd9c39,4,4.0,13.858276990948648,12,16,5,3,0.046181787275431686,4.123262600830696,0.011200302223323744,True,True,1,5,0,-4
random_0259,random_cycle_chord,crossing_rich,50000f533be57d613267a2ac73e30903,4,4.0,14.118583432387657,12,17,6,3,0.04533032673319456,4.046761798182371,0.011201629597658792,True,True,1,6,0,-5
random_0260,random_cycle_chord,crossing_rich,d5fdeadb175aae8480364a69686816cc,8,8.0,13.226751810042124,14,20,7,3,0.04838678529630335,4.291458296392403,0.011275138182510013,True,True,1,7,0,-6
random_0261,random_cycle_chord,crossing_rich,d3cf03558c65238450b3afd083147d65,6,6.0,14.106041113447713,14,19,6,3,0.04537063197624377,4.0498558500918085,0.011203023923731813,True,True,1,6,0,-5
random_0262,random_cycle_chord,crossing_rich,b18be795f697f84657a69db1e5dbf2c6,9,9.0,13.246589949898405,14,20,7,3,0.04831432107588629,4.295522229771095,0.011247601220879009,True,True,1,7,0,-6
random_0263,random_cycle_chord,crossing_rich,715031cabd083c87bcee8536a62842e6,4,4.0,12.782091472442358,13,17,5,3,0.050070053197460884,4.427342490566209,0.011309279393710845,True,True,1,5,0,-4
random_0264,random_cycle_chord,crossing_rich,03196bebf08fc35c7591560a92b3fae9,2,2.0,11.073406769015174,10,13,4,3,0.05779612483764282,5.036038249646342,0.011476506327508846,True,True,1,4,0,-3
random_0265,random_cycle_chord,crossing_rich,b056bb068a40804dfb0d10e18d9c3285,5,5.0,13.800815032622161,13,18,6,3,0.04637407272593521,4.138484144462575,0.011205569746590718,True,True,1,6,0,-5
random_0266,random_cycle_chord,crossing_rich,089153bca7c3e8234db7c476c084d30c,2,2.0,12.449250276635198,12,15,4,3,0.05140871825841228,4.542592877890366,0.01131704285203016,True,True,1,4,0,-3
random_0267,random_cycle_chord,crossing_rich,3ef24118d64b4d1f9919248661b3fd3a,6,6.0,13.249832712195767,14,19,6,3,0.04830249663536612,4.290341046519521,0.011258428202240668,True,True,1,6,0,-5
random_0268,random_cycle_chord,crossing_rich,8dd52f10281d855ed4013ea5125b4a3b,8,8.0,14.129179418547453,15,21,7,3,0.045296331870474264,4.046250689093034,0.011194642979628982,True,True,1,7,0,-6
random_0269,random_cycle_chord,crossing_rich,28443a4ad08d47a92d180435b7b6280d,5,5.0,10.698507131705911,11,15,5,3,0.05982143042212937,5.195400629478645,0.01151430557302997,True,True,1,5,0,-4
random_0270,random_cycle_chord,crossing_rich,27f866a1f6592038ad202b4addaf9d44,6,6.0,13.250077620469847,14,19,6,3,0.04830160383447668,4.296257562324655,0.011242716046181656,True,True,1,6,0,-5
random_0271,random_cycle_chord,baseline,cadc64a3b00e5151a2d01be4fe4bca74,0,,,14,17,4,3,0.048391153812233356,4.294042416739221,0.011269370238075171,True,True,1,4,0,-3
random_0272,random_cycle_chord,crossing_rich,e3b08eea87be93bd83c285e2f935612f,4,4.0,12.89225347846191,13,17,5,3,0.04964221352529241,4.393100588674193,0.011300040261603498,True,True,1,5,0,-4
random_0273,random_cycle_chord,crossing_rich,442d7cee7eb93a52a4fc0461eb304484,7,7.0,13.249845832350093,14,20,7,3,0.04830244880566167,4.293079177991155,0.011251236421002526,True,True,1,7,0,-6
random_0274,random_cycle_chord,crossing_rich,94dee43e3665152c8ed8e5faa960901f,6,6.0,11.495206150638031,12,17,6,3,0.05567538255627345,4.875278302373489,0.01141993935590679,True,True,1,6,0,-5
random_0275,random_cycle_chord,crossing_rich,f07a4280131a43f78383ab3c664bd25d,4,4.0,14.23879375547767,12,16,5,3,0.04494762765657672,4.020292204790541,0.011180189241721674,True,True,1,5,0,-4
random_0276,random_cycle_chord,crossing_rich,a4e1c0fea5b1b2e2160d2f7f7bff3cbb,6,6.0,12.368224796173806,13,18,6,3,0.051745501925061096,4.569341922513409,0.011324497663461788,True,True,1,6,0,-5
random_0277,random_cycle_chord,crossing_rich,99a64eed4ffb91c69fe777b09b4a245a,5,5.0,14.1655598839241,12,17,6,3,0.045180000313740455,4.035879443277338,0.011194586198306263,True,True,1,6,0,-5
random_0278,random_cycle_chord,crossing_rich,5a9ceb9b072b0ab0f4f1364f8d76ff04,5,5.0,13.31294602078021,13,18,6,3,0.04807350672052771,4.271734326558323,0.01125386155727055,True,True,1,6,0,-5
random_0279,random_cycle_chord,crossing_rich,2692af162322201ef3eacb0bace19aaf,3,3.0,11.489421680521815,12,16,5,3,0.05570341291285369,4.872211235996497,0.01143288133759678,True,True,1,5,0,-4
random_0280,random_cycle_chord,crossing_rich,d93dc5737402ba1469b50ab1b8e3029c,7,7.0,13.872320128128111,13,18,6,3,0.046135036827928196,4.122220611558668,0.011191792282675504,True,True,1,6,0,-5
random_0281,random_cycle_chord,baseline,b42a45c489fa0fcd81f063a063f5fa49,0,,,13,15,3,3,0.05173169772133537,4.568065036056608,0.011324641245912048,True,True,1,3,0,-2
random_0282,random_cycle_chord,crossing_rich,c2ea48e4ecc2f9114a26888d5b22779a,2,2.0,12.71736226934618,12,15,4,3,0.05032490122127373,4.455689878091695,0.011294525112422574,True,True,1,4,0,-3
random_0283,random_cycle_chord,crossing_rich,a7acac58d231b0fe4fd469b494526667,3,3.0,12.719514778897627,12,16,5,3,0.050316384793372394,4.444900321726569,0.01132002545646009,True,True,1,5,0,-4
random_0284,random_cycle_chord,crossing_rich,42dce6ec0b9523fb3e7c859ae698e337,5,5.0,14.1510439664048,13,18,6,3,0.04522634524487297,4.037112435215888,0.011202646934071445,True,True,1,6,0,-5
random_0285,random_cycle_chord,crossing_rich,72ef74d557b06956ea26da6588bd6c40,2,2.0,9.98856889326269,10,13,4,3,0.0640732428077541,5.514613331016121,0.011618809690134338,True,True,1,4,0,-3
random_0286,random_cycle_chord,crossing_rich,5088d3c2e654a561a5ac920df42be306,5,5.0,13.247917976446937,14,19,6,3,0.04830947784684629,4.29041686011607,0.011259856424659714,True,True,1,6,0,-5
random_0287,random_cycle_chord,crossing_rich,6174ade157bbc623a62388caebb046ff,7,7.0,14.00655244442185,13,18,6,3,0.04569289998659748,4.079686684821603,0.011200100281376276,True,True,1,6,0,-5
random_0288,random_cycle_chord,baseline,298a1c05836dda9b7e05736406f3e23a,0,,,15,17,3,3,0.04536485594669038,4.047947358100227,0.011206878927393192,True,True,1,3,0,-2
random_0289,random_cycle_chord,crossing_rich,da266b2b199d8442cfc8e5d1f7726ae6,6,6.0,12.364265258309686,13,18,6,3,0.051762072927857436,4.56641455156372,0.011335386295607364,True,True,1,6,0,-5
random_0290,random_cycle_chord,crossing_rich,9236a479f157d648c750f5dca50e5358,4,4.0,11.498364019742686,12,16,5,3,0.05566009207058676,4.877683465413825,0.011411173452573461,True,True,1,5,0,-4
random_0291,random_cycle_chord,crossing_rich,b878865dc29da29e076e67c6e864d35a,3,3.0,12.556408466408023,12,16,5,3,0.050969988887521675,4.500816719762668,0.011324608856814185,True,True,1,5,0,-4
random_0292,random_cycle_chord,crossing_rich,2c16f012313864a3339bd8303487ec31,4,4.0,13.400624470262748,13,17,5,3,0.04775896835406592,4.253184745646625,0.011228989853532679,True,True,1,5,0,-4
random_0293,random_cycle_chord,crossing_rich,ea4e9e20f1e69fb97740ea580a58af91,2,2.0,10.768703753163104,11,14,4,3,0.059431479839160035,5.158677880060531,0.011520680535002251,True,True,1,4,0,-3
random_0294,random_cycle_chord,crossing_rich,19254df60ba6a6a59a4812173038ed58,9,9.0,14.118013522162597,15,21,7,3,0.04533215660937863,4.045838673617188,0.011204637719489034,True,True,1,7,0,-6
random_0295,random_cycle_chord,baseline,3d7e91941584d93f787d03fbadb804ee,0,,,15,18,4,3,0.04536358005512947,4.047526232235855,0.011207729722376774,True,True,1,4,0,-3
random_0296,random_cycle_chord,crossing_rich,291233223ee47b2016a098de364b747f,6,6.0,13.16388347062831,13,18,6,3,0.048617871878613106,4.316523883413994,0.01126320001736226,True,True,1,6,0,-5
random_0297,random_cycle_chord,crossing_rich,3ab52c99ac2f4477f7d23dbb180c937e,12,12.0,14.130349036046681,15,22,8,3,0.045292582537582955,4.045992981969559,0.011194429337723385,True,True,1,8,0,-7
random_0298,random_cycle_chord,baseline,4a5fafade3490f5ea5fbe3facbe39ac4,0,,,15,18,4,3,0.045289945349187115,4.054454449185941,0.011170416616292358,True,True,1,4,0,-3
random_0299,random_cycle_chord,crossing_rich,ffbc427ca5a02dd30886efff9152aca8,3,3.0,12.876187445539722,11,15,5,3,0.04970415371063073,4.400536903272992,0.011295020313012763,True,True,1,5,0,-4
random_0300,random_cycle_chord,crossing_rich,f5c441c4d415d7d1594a484fef57e457,2,2.0,11.475711486484073,11,14,4,3,0.0557699625643066,4.883641404564493,0.011419749720399462,True,True,1,4,0,-3
random_0301,random_cycle_chord,crossing_rich,daaa9490df95a78bfb693c26a97d5f8d,6,6.0,13.470092725722132,13,18,6,3,0.04751266476272082,4.230682368212705,0.011230496791654212,True,True,1,6,0,-5
random_0302,random_cycle_chord,crossing_rich,e2e8feb0a47d88aea3ac55077a8c7825,3,3.0,11.133645535525277,11,15,5,3,0.057483417983614234,5.013653623880632,0.011465374813651633,True,True,1,5,0,-4
random_0303,random_cycle_chord,crossing_rich,efee0e22eba1d2df64f3624d343b5132,2,2.0,13.07809437897511,11,14,4,3,0.04893679319434265,4.345778548711768,0.011260765509749486,True,True,1,4,0,-3
random_0304,random_cycle_chord,crossing_rich,2f11ee0313f5efde30a3f9b354422a89,2,2.0,12.325538553108593,11,14,4,3,0.05192470878593676,4.586823720728899,0.01132040643970624,True,True,1,4,0,-3
random_0305,random_cycle_chord,crossing_rich,446d9b57e293a11aabe1228e0ed6c041,6,6.0,13.247326960864891,14,19,6,3,0.04831163312347322,4.290774856474062,0.011259419274954274,True,True,1,6,0,-5
random_0306,random_cycle_chord,crossing_rich,d4627c1bcf9f36c916ab60d95b5ec6ec,4,4.0,14.167427881674838,12,16,5,3,0.04517404325931468,4.035148299252182,0.011195138297069926,True,True,1,5,0,-4
random_0307,random_cycle_chord,crossing_rich,ff587984f4a19ee4e703477d4bf758a1,6,6.0,12.880751499004361,13,18,6,3,0.049686541973072755,4.3937364491199435,0.011308493931861768,True,True,1,6,0,-5
random_0308,random_cycle_chord,crossing_rich,dff411908415c31419fb1ad564ce747c,9,9.0,13.247525451964759,14,20,7,3,0.04831090925777997,4.295581287403506,0.011246652321409529,True,True,1,7,0,-6
random_0309,random_cycle_chord,crossing_rich,8fd0e168c00a7b5ee9a514ed80293db5,3,3.0,11.52290946827817,12,16,5,3,0.055541528097732516,4.869197394768877,0.011406711126027142,True,True,1,5,0,-4
random_0310,random_cycle_chord,baseline,c9f2675ee0b6395902479bbe287f8514,0,,,15,17,3,3,0.0453542074443402,4.04578468894211,0.011210237551272012,True,True,1,3,0,-2
random_0311,random_cycle_chord,crossing_rich,1e5670f4e688074a396a1e1b5fbf2e5c,6,6.0,12.369681199958588,13,18,6,3,0.05173940942003765,4.5690792375326135,0.011323815309444684,True,True,1,6,0,-5
random_0312,random_cycle_chord,crossing_rich,b4a806aabb048e87faaaa60247f40a18,3,3.0,14.142212836244918,12,16,5,3,0.045254586917243336,4.04883918956306,0.011177175678870834,True,True,1,5,0,-4
random_0313,random_cycle_chord,crossing_rich,af5d8009e7006a6de62c593903e46287,5,5.0,14.172247467606686,13,18,6,3,0.04515868082764144,4.029966653044399,0.011205720720673149,True,True,1,6,0,-5
random_0314,random_cycle_chord,crossing_rich,5747ed94a1995b553bdbf0eb7907a4dc,4,4.0,11.499523362809825,12,16,5,3,0.05565448060828329,4.877613215340674,0.01141018735008412,True,True,1,5,0,-4
random_0315,random_cycle_chord,crossing_rich,950b2b089df75f3cfd15257e678d9347,5,5.0,13.985216142514457,12,17,6,3,0.04576261056519731,4.083148699540026,0.01120767670556611,True,True,1,6,0,-5
random_0316,random_cycle_chord,crossing_rich,46943d4208caa8daef1779ab60666bbe,5,5.0,11.497490560185453,12,17,6,3,0.055664320544541235,4.879645001622816,0.011407452904059423,True,True,1,6,0,-5
random_0317,random_cycle_chord,crossing_rich,d5a06f9f5fa1e83ac731040004e026d1,9,9.0,14.105059163681753,15,21,7,3,0.04537379053665344,4.04733955190949,0.011210769433774487,True,True,1,7,0,-6
random_0318,random_cycle_chord,crossing_rich,bcd8e7d4d9a2bf1cc00ec049bd7d9538,3,3.0,13.249825078682699,14,18,5,3,0.04830252446348741,4.293216575331262,0.01125089396631718,True,True,1,5,0,-4
random_0319,random_cycle_chord,crossing_rich,c64d3116289e992b64bf3e8a7e5d154c,5,5.0,13.249976510400092,14,19,6,3,0.048301972422189206,4.290873405438565,0.011256909225279816,True,True,1,6,0,-5
random_0320,random_cycle_chord,crossing_rich,70b57d3f4ed019d1556d804d4ae0ae14,7,7.0,13.248097438401654,14,20,7,3,0.04830882343489272,4.2961736191660345,0.011244616190411397,True,True,1,7,0,-6
random_0321,random_cycle_chord,baseline,7cb7e0da54d5372fa15978edde91c811,0,,,15,17,3,3,0.04537259145042152,4.047370912512971,0.011210386305378212,True,True,1,3,0,-2
random_0322,random_cycle_chord,crossing_rich,473583e4495e7f023c4ef7b0b9e1db49,5,5.0,14.025537768478038,13,18,6,3,0.045631048916953486,4.070115121940381,0.011211242814969666,True,True,1,6,0,-5
random_0323,random_cycle_chord,crossing_rich,d1bce565667ffa3c2cb8aec95985a8d6,2,2.0,11.077226711956556,11,14,4,3,0.0577761940458613,5.031419323764203,0.011483080683212993,True,True,1,4,0,-3
random_0324,random_cycle_chord,crossing_rich,c38a7307c5b61d8d1515239f0cc501e6,6,6.0,11.500299117231325,12,17,6,3,0.0556507264268513,4.876297943026225,0.011412495109417888,True,True,1,6,0,-5
random_0325,random_cycle_chord,crossing_rich,e63b6c2b69bf4bf0f11f1c1c2c346b18,7,7.0,13.980813488420425,13,18,6,3,0.045777021525255195,4.083561119604458,0.011210073801880365,True,True,1,6,0,-5
random_0326,random_cycle_chord,crossing_rich,5bd07dd4a48e67852723bedee14e1ed8,4,4.0,13.250002914865549,14,19,6,3,0.04830187616653021,4.291288944409737,0.011255796752966977,True,True,1,6,0,-5
random_0327,random_cycle_chord,crossing_rich,6d874bcfc7ffa650b637f987a4867714,3,3.0,12.572779893800591,12,16,5,3,0.0509036192000444,4.491201661580026,0.011334075607314474,True,True,1,5,0,-4
random_0328,random_cycle_chord,crossing_rich,e86654c0a62de58ec5458401e2ab9ff7,5,5.0,14.018631073633017,13,18,6,3,0.04565353040809711,4.071703627582836,0.01121239033676901,True,True,1,6,0,-5
random_0329,random_cycle_chord,crossing_rich,cf86ae347ea5e2e3fee5901403be42d2,2,2.0,11.242291825383337,11,14,4,3,0.05692789423549566,4.968980777790653,0.011456654147252986,True,True,1,4,0,-3
random_0330,random_cycle_chord,crossing_rich,9462b91a1770c221b0d0d55b5754feec,8,8.0,14.108224644951411,15,21,7,3,0.04536360995846648,4.047535749696944,0.01120771075631958,True,True,1,7,0,-6
random_0331,random_cycle_chord,crossing_rich,d2912623da59418146b416ce54d8bcd5,8,8.0,13.36239439315551,14,20,7,3,0.04789560771592111,4.2641111623514325,0.011232260579602058,True,True,1,7,0,-6
random_0332,random_cycle_chord,baseline,292e753404d93c067cd5c374eaffaa1b,0,,,15,17,3,3,0.04530806403366648,4.046236854905481,0.011197580778974162,True,True,1,3,0,-2
random_0333,random_cycle_chord,crossing_rich,b9ba40de6e8e84afc0c09d85ab4f20ff,6,6.0,13.246560889473516,14,19,6,3,0.04831442706828012,4.295498463355288,0.011247688127570854,True,True,1,6,0,-5
random_0334,random_cycle_chord,baseline,ede1667d49b7784adfd5a7c11bbb1814,0,,,14,16,3,3,0.048313756001837925,4.295935222471373,0.01124638838805486,True,True,1,3,0,-2
random_0335,random_cycle_chord,crossing_rich,4011cc34edddc6d5161f585c38000109,4,4.0,12.425000536274116,12,16,5,3,0.051509052102778966,4.545727016548484,0.011331312222503227,True,True,1,5,0,-4
random_0336,random_cycle_chord,baseline,fcc97aa77af2b9378d96ad655d102264,0,,,15,18,4,3,0.0453514353913939,4.046404881037522,0.011207834293578038,True,True,1,4,0,-3
random_0337,random_cycle_chord,crossing_rich,443fb0fb6b4ecd9cac2738809e88c258,6,6.0,13.248010410329252,14,19,6,3,0.048309140782453096,4.296061309146255,0.01124498402283124,True,True,1,6,0,-5
random_0338,random_cycle_chord,crossing_rich,abb2bf68fc5b61fe904dc17fa8d76ee6,6,6.0,12.37183403443976,13,18,6,3,0.05173040619672211,4.567076224675358,0.011326810338139095,True,True,1,6,0,-5
random_0339,random_cycle_chord,crossing_rich,784a8ccb97aa6796bef7ae6d2fc47fb2,6,6.0,12.369794952142081,13,18,6,3,0.05173893362631456,4.567482963914263,0.011327668660196837,True,True,1,6,0,-5
random_0340,random_cycle_chord,crossing_rich,fe6f94f810ca298f11550ede99b7e61f,3,3.0,14.115993987941938,13,17,5,3,0.045338642149231306,4.055702405126079,0.011178986429558278,True,True,1,5,0,-4
random_0341,random_cycle_chord,crossing_rich,47916c5400b685a03665d6b786a8cb7e,4,4.0,14.028362344903462,13,18,6,3,0.04562186121693054,4.082378315273557,0.011175314410779555,True,True,1,6,0,-5
random_0342,random_cycle_chord,crossing_rich,0c9256263d52f2359285d248c637755c,6,6.0,13.242821526500773,14,19,6,3,0.048328069567294914,4.290666055065601,0.011263535532027327,True,True,1,6,0,-5
random_0343,random_cycle_chord,crossing_rich,b7bc268839897e41b76d1d38d956dd17,3,3.0,12.739191115734856,12,16,5,3,0.050238668545407233,4.443493527332024,0.011306119438767739,True,True,1,5,0,-4
random_0344,random_cycle_chord,crossing_rich,be90d2d4faee542362b994fe99c13972,6,6.0,13.247977048815239,14,19,6,3,0.04830926243620229,4.290384209337144,0.011259891906898934,True,True,1,6,0,-5
random_0345,random_cycle_chord,crossing_rich,a5dd423bd85cacbaf3e9825e6bc2b424,3,3.0,12.814825430241601,11,15,5,3,0.0499421551611362,4.431037705436102,0.011270984018002368,True,True,1,5,0,-4
random_0346,random_cycle_chord,crossing_rich,4ac56a58514d2622de10903d88e5629d,8,8.0,14.193099388062388,15,21,7,3,0.04509233554288324,4.030474404973866,0.01118784813203041,True,True,1,7,0,-6
random_0347,random_cycle_chord,crossing_rich,502cb13340387492a8ad2a1150d302af,3,3.0,14.158769524607884,12,16,5,3,0.04520166804662528,4.035528778174831,0.011200928188416703,True,True,1,5,0,-4
random_0348,random_cycle_chord,crossing_rich,ca6aeacb3fb03dbd74c60e3f97fb9e30,4,4.0,11.500667916497965,12,16,5,3,0.05564894183944792,4.875384141544571,0.011414268132278449,True,True,1,5,0,-4
random_0349,random_cycle_chord,baseline,af91c62380e640eca01573c090d6b0a4,0,,,14,16,3,3,0.0483015755461641,4.293356567225842,0.011250306092646349,True,True,1,3,0,-2
random_0350,random_cycle_chord,crossing_rich,e0afc5a2694aa0cb41fccaf0a002297b,6,6.0,13.24229714618408,14,19,6,3,0.048329983305383184,4.290123317735541,0.011265406545677861,True,True,1,6,0,-5
random_0351,random_cycle_chord,crossing_rich,6cdd77b034b6c692ed46c16cef903bd4,7,7.0,14.268046462265337,12,17,6,3,0.04485547490279109,4.01463720100526,0.011172983424644034,True,True,1,6,0,-5
random_0352,random_cycle_chord,baseline,6067302021b41d904f9582b39b8588d1,0,,,15,18,4,3,0.04531434087775493,4.046430361559622,0.011198596498344123,True,True,1,4,0,-3
random_0353,random_cycle_chord,crossing_rich,fe8210629dee402f85496c4a0a6e444d,4,4.0,11.552266783691653,12,16,5,3,0.05540038262477531,4.858354317557494,0.01140311698234218,True,True,1,5,0,-4
random_0354,random_cycle_chord,crossing_rich,23b27ad0a00bcdced8d405bfd70ef079,4,4.0,13.837563280894933,13,18,6,3,0.04625091766580225,4.128407957904034,0.011203088003270769,True,True,1,6,0,-5
random_0355,random_cycle_chord,crossing_rich,748236bad10452c0d6e88b7ffbf71ced,7,7.0,13.396065821599185,13,19,7,3,0.04777522061500281,4.250281386894437,0.011240484162369977,True,True,1,7,0,-6
random_0356,random_cycle_chord,crossing_rich,9161795f81d8ef7b0382769c22bdc5aa,5,5.0,13.322436177809536,13,18,6,3,0.048039261848070516,4.273499371396128,0.011241200167153964,True,True,1,6,0,-5
random_0357,random_cycle_chord,crossing_rich,f60e95ca03dc1dadd11021c8da73f957,2,2.0,11.011161638878587,11,14,4,3,0.05812284125775305,5.062369906056591,0.01148135010604721,True,True,1,4,0,-3
random_0358,random_cycle_chord,crossing_rich,08ef0105740c00d79ef58a63219645b8,3,3.0,12.611583153685928,12,16,5,3,0.05074699918328257,4.4848369404884485,0.011315238403685566,True,True,1,5,0,-4
random_0359,random_cycle_chord,crossing_rich,348b592bba8ee123c99aaf65c69515c7,6,6.0,13.247149492141796,14,19,6,3,0.04831228034224629,4.295380836193347,0.011247496365202767,True,True,1,6,0,-5
random_0360,random_cycle_chord,crossing_rich,2ff24e4d0c3958d2b86162c69e8f830f,6,6.0,13.250002771660151,14,19,6,3,0.04830187668857458,4.291279419929926,0.011255821856821275,True,True,1,6,0,-5
random_0361,random_cycle_chord,crossing_rich,33c1e9818f2e5db2639716bbaaa74997,4,4.0,13.802087472665006,12,16,5,3,0.046369797414160585,4.134238645865602,0.01121604275566728,True,True,1,5,0,-4
random_0362,random_cycle_chord,crossing_rich,e8f56e56146fa881a8d54b33dbb114b4,6,6.0,13.803493304015158,13,18,6,3,0.046365074833182765,4.131496369665975,0.011222344323863294,True,True,1,6,0,-5
random_0363,random_cycle_chord,crossing_rich,1d892b4cbc320218ebc8a9e1e6b64be4,6,6.0,13.244106758489405,14,19,6,3,0.048323379724326314,4.29113751005408,0.011261205125938114,True,True,1,6,0,-5
random_0364,random_cycle_chord,crossing_rich,7549048e7df9e7b60f34267b3d4189ec,4,4.0,11.497571872460506,12,16,5,3,0.05566392687946195,4.880583099610271,0.011405179615506779,True,True,1,5,0,-4
random_0365,random_cycle_chord,crossing_rich,a13453a1ee312d35060d2a6f031103b6,2,2.0,12.31025019373612,11,14,4,3,0.05198919517701225,4.5910797054473935,0.011323958308832276,True,True,1,4,0,-3
random_0366,random_cycle_chord,crossing_rich,6fc14f6569722c48236777a5d0c1e8d5,5,5.0,13.246705451396863,14,19,6,3,0.04831389981065157,4.295734954230839,0.011246946174616185,True,True,1,6,0,-5
random_0367,random_cycle_chord,crossing_rich,dbd9c50253fea283ba4f6385b748a796,5,5.0,14.12203239417363,15,20,6,3,0.045319255907106316,4.045456848399945,0.01120250631891697,True,True,1,6,0,-5
random_0368,random_cycle_chord,crossing_rich,6cc30e036e209976af035d3ee009e03a,3,3.0,12.370698489507436,12,16,5,3,0.05173515469177706,4.566189736781964,0.011330049269533326,True,True,1,5,0,-4
random_0369,random_cycle_chord,crossing_rich,a6f617316919de930421b3a8f8d7c743,3,3.0,12.547895111323205,12,16,5,3,0.051004570433686905,4.508077583376512,0.011314040073703638,True,True,1,5,0,-4
random_0370,random_cycle_chord,crossing_rich,d7d184db6315661bdac9cfde1790bff7,4,4.0,11.497002694596112,12,16,5,3,0.055666682612922805,4.874487075362484,0.011420008249541463,True,True,1,5,0,-4
random_0371,random_cycle_chord,crossing_rich,e639d786283c9628f30f2b58fa8c4d66,6,6.0,12.365506127288036,13,18,6,3,0.05175687864386371,4.567578380112761,0.0113313608079969,True,True,1,6,0,-5
random_0372,random_cycle_chord,crossing_rich,0a5d1a60fa40a746bf3d7ec802f48aca,5,5.0,12.368266506630306,13,18,6,3,0.051745327419724714,4.569281167178362,0.011324610048385066,True,True,1,6,0,-5
random_0373,random_cycle_chord,crossing_rich,7da3637517e7d71448681796d7a33fe0,9,9.0,14.13328033374905,15,21,7,3,0.045283188678550114,4.047824366380793,0.011187043848702938,True,True,1,7,0,-6
random_0374,random_cycle_chord,crossing_rich,a4f42d9f888770eaac6edd702246672c,2,2.0,11.128839390771232,11,14,4,3,0.057508243000678964,5.018640019652303,0.011458929665304665,True,True,1,4,0,-3
random_0375,random_cycle_chord,crossing_rich,7a7f2c03b74a497d033eba158f203b39,2,2.0,11.080979480894412,11,14,4,3,0.05775662711978434,5.03855545393336,0.011462933701502977,True,True,1,4,0,-3
random_0376,random_cycle_chord,crossing_rich,9c7f5e8c613a6d0a76a47b4baf7c299a,4,4.0,14.193631685226293,12,16,5,3,0.04509064446600766,4.032609631028919,0.011181504928981385,True,True,1,5,0,-4
random_0377,random_cycle_chord,crossing_rich,04a999cd9b534baf13f26c6fe693dced,6,6.0,14.016667515670129,12,17,6,3,0.04565992589069428,4.082222089498501,0.011185066586199279,True,True,1,6,0,-5
random_0378,random_cycle_chord,crossing_rich,34ad0f2d3b81a6839e28becf759fcc77,2,2.0,9.779473143738272,10,13,4,3,0.06544319827799594,5.6216435008689,0.011641292847524184,True,True,1,4,0,-3
random_0379,random_cycle_chord,crossing_rich,780e5d2a395f7c34b077dcebfe97d13c,4,4.0,14.222519935558156,12,16,5,3,0.044999058036116125,4.022833227529166,0.011185911891195813,True,True,1,5,0,-4
random_0380,random_cycle_chord,crossing_rich,d00421d10495c2eb3e533e247d77f13e,7,7.0,14.18464317422808,15,21,7,3,0.045119217462079614,4.0293729378614795,0.011197577925369665,True,True,1,7,0,-6
random_0381,random_cycle_chord,crossing_rich,abaeee29357e044dd49d787960bf59a0,9,9.0,14.124945069273917,15,21,7,3,0.045309910719029706,4.044205166607263,0.011203662735301035,True,True,1,7,0,-6
random_0382,random_cycle_chord,crossing_rich,d9d06d2da807a1e58139afc7690e6aa5,7,7.0,14.120696580265493,15,21,7,3,0.04532354309591481,4.045230091402653,0.011204194093246057,True,True,1,7,0,-6
random_0383,random_cycle_chord,crossing_rich,adfc2dcae6dc8202a31b937ff3533042,6,6.0,13.246818066161602,14,19,6,3,0.04831348908118932,4.295340896921471,0.011247882354533549,True,True,1,6,0,-5
random_0384,random_cycle_chord,crossing_rich,2efcfc9bff55e506daa3eaffe717fe60,6,6.0,12.347854815737072,13,18,6,3,0.05183086532442331,4.563843938265551,0.011356844367496313,True,True,1,6,0,-5
random_0385,random_cycle_chord,crossing_rich,65db0b078622d2e96061c36bf41bb7e9,2,2.0,11.130978096100424,11,14,4,3,0.05749719337101334,5.018525182837241,0.011456990106903698,True,True,1,4,0,-3
random_0386,random_cycle_chord,crossing_rich,59ecc603d27ba67697cc708814bc7aba,4,4.0,14.107266358123582,12,16,5,3,0.04536669144489924,4.055961121097883,0.011185188933127449,True,True,1,5,0,-4
random_0387,random_cycle_chord,crossing_rich,3544813ee8c3135af029517e56fe6861,5,5.0,13.249033941377053,14,19,6,3,0.048305408743898264,4.297397448396378,0.01124061931063043,True,True,1,6,0,-5
random_0388,random_cycle_chord,crossing_rich,498e67b6785d95bdff96c42ea50d114d,5,5.0,13.244678711431188,14,19,6,3,0.04832129294670094,4.293800240738262,0.011253735674110619,True,True,1,6,0,-5
random_0389,random_cycle_chord,crossing_rich,d1299e1ebf4274c638790f7cb6398f0a,5,5.0,14.095505781076382,12,17,6,3,0.045404543117510424,4.054163581451647,0.011199484728549786,True,True,1,6,0,-5
random_0390,random_cycle_chord,crossing_rich,72ba22311784c5d2ff057e1839039143,6,6.0,12.36231389653802,13,18,6,3,0.05177024344764677,4.561830923290112,0.011348566906181764,True,True,1,6,0,-5
random_0391,random_cycle_chord,baseline,306c04f96eca75425a8cb09361c0962f,0,,,15,17,3,3,0.04528176953874493,4.050943791762698,0.011178078953063268,True,True,1,3,0,-2
random_0392,random_cycle_chord,crossing_rich,aa410a26f20c13c8621f46348619397d,4,4.0,14.215390137565587,13,17,5,3,0.04502162753231346,4.028748888255554,0.011175089036588677,True,True,1,5,0,-4
random_0393,random_cycle_chord,crossing_rich,eb12f089da6cc258338d5ebebf89e59b,3,3.0,14.319492965037746,11,14,4,3,0.04469431994293473,4.005619275498385,0.011157905149978038,True,True,1,4,0,-3
random_0394,random_cycle_chord,crossing_rich,a278092259b4438c60dfc80eecf2227e,8,8.0,14.111883232142233,15,21,7,3,0.04535184918071674,4.045890193553977,0.011209362343291606,True,True,1,7,0,-6
random_0395,random_cycle_chord,crossing_rich,66f8361e68254053548b61bcf8022e32,3,3.0,12.551501153242551,12,16,5,3,0.05098991683832675,4.5013524095080815,0.01132768825889352,True,True,1,5,0,-4
random_0396,random_cycle_chord,crossing_rich,a3b0ac55de03d774b647eb7e1c5c1c1b,2,2.0,10.636571860946479,11,14,4,3,0.060169762247349746,5.226627318987375,0.01151215852501365,True,True,1,4,0,-3
random_0397,random_cycle_chord,crossing_rich,7f8500c9edcde7a7b3bd82198a242149,2,2.0,11.009281199557535,11,14,4,3,0.05813276892461623,5.0613899810605405,0.011485534436616433,True,True,1,4,0,-3
random_0398,random_cycle_chord,crossing_rich,86297938ddc8086c539316a09d984173,5,5.0,14.09794277989627,13,18,6,3,0.04539669439662097,4.053958848196169,0.011198114262265014,True,True,1,6,0,-5
random_0399,random_cycle_chord,crossing_rich,019b6352669089658d7373c4befa9816,3,3.0,13.036007298700335,12,16,5,3,0.04909478687264979,4.357851128698048,0.011265824697255629,True,True,1,5,0,-4
random_0400,random_cycle_chord,crossing_rich,5acff05da65e23e4548f5514e55ac767,3,3.0,13.129537606390192,12,16,5,3,0.04874505250577216,4.3282120968891125,0.011262168168886061,True,True,1,5,0,-4
random_0401,random_cycle_chord,crossing_rich,c5da22f75f7ca8ce97a68676ce75dd9c,5,5.0,12.120988647147767,12,16,5,3,0.05280097347097183,4.648556210880961,0.011358574808104852,True,True,1,5,0,-4
random_0402,random_cycle_chord,crossing_rich,5dacca6a7c6b589d3d4a90c9c02b5ff9,2,2.0,9.785267611313085,10,13,4,3,0.06540444527649647,5.6209974730330154,0.011635736466752955,True,True,1,4,0,-3
random_0403,random_cycle_chord,crossing_rich,04f5fde7e993a0e0bd469296ddadb2ff,9,9.0,14.118010174997961,15,21,7,3,0.045332167356940754,4.045838337115165,0.011204641307854209,True,True,1,7,0,-6
random_0404,random_cycle_chord,crossing_rich,0ed46316b5b789f912b6152079be6f74,5,5.0,14.095675060012006,12,16,5,3,0.04540399784155175,4.058161802585335,0.01118831629942064,True,True,1,5,0,-4
random_0405,random_cycle_chord,crossing_rich,1bec79aacbdc6de7851c0a3a2f288be1,5,5.0,14.259050050019754,11,15,5,3,0.04488377540964683,4.009641766583746,0.011193961461521847,True,True,1,5,0,-4
random_0406,random_cycle_chord,crossing_rich,cd15be2a1cefc99825e783084f4ba97a,5,5.0,14.146157307242277,13,18,6,3,0.045241968267406805,4.039281981795945,0.01120049763084164,True,True,1,6,0,-5
random_0407,random_cycle_chord,crossing_rich,345035e2930e29482eb4726c57d06f16,5,5.0,14.218407984239391,12,16,5,3,0.04501207172486664,4.024609232278856,0.011184209230514398,True,True,1,5,0,-4
random_0408,random_cycle_chord,crossing_rich,c9d0145bab91963736f942ffb2b877e7,4,4.0,13.107494052544581,12,16,5,3,0.04882702959348326,4.32914128042223,0.011278687026060986,True,True,1,5,0,-4
random_0409,random_cycle_chord,crossing_rich,fd36c8995e4f6b7213e80e89c65bc528,5,5.0,13.244680602496288,14,19,6,3,0.048321286047424666,4.291560632565297,0.011259606978578427,True,True,1,6,0,-5
random_0410,random_cycle_chord,crossing_rich,429df70666ac31be119e0f8ea771ce6f,6,6.0,12.364340584287904,13,18,6,3,0.05176175758319742,4.5655949486538,0.01133735212285088,True,True,1,6,0,-5
random_0411,random_cycle_chord,crossing_rich,b20074d419ed267ce40ce628ec4eb3cb,5,5.0,13.249245770373683,14,19,6,3,0.04830463643682182,4.292664328851661,0.011252833377200936,True,True,1,6,0,-5
random_0412,random_cycle_chord,crossing_rich,322606bbd5415d39807468a3403cfcf7,3,3.0,12.409029521546836,12,16,5,3,0.05157534671738144,4.559385850329023,0.011311906561639122,True,True,1,5,0,-4
random_0413,random_cycle_chord,crossing_rich,ba53b17c7e6c0cdbf4b9bf6bc764e778,4,4.0,11.515052331235829,12,16,5,3,0.05557942609291758,4.873648881948239,0.011404068581711148,True,True,1,5,0,-4
random_0414,random_cycle_chord,crossing_rich,998e44cd1be74ce251191b6a3c792d89,8,8.0,14.121723330895847,15,21,7,3,0.045320247749068454,4.0451938210711615,0.01120347992054129,True,True,1,7,0,-6
random_0415,random_cycle_chord,crossing_rich,86cb4973bb5680e65f9ef206849dfa3c,5,5.0,12.820292534209152,13,18,6,3,0.049920857756736034,4.412595422974887,0.01131326418388939,True,True,1,6,0,-5
random_0416,random_cycle_chord,baseline,efce64ac055c175d9c7cb04841efdbc7,0,,,15,17,3,3,0.045285523117221685,4.052900246858165,0.01117360910926128,True,True,1,3,0,-2
random_0417,random_cycle_chord,crossing_rich,3978ce21e829616ab054f1fdb8f8d904,5,5.0,13.187020453435267,13,18,6,3,0.04853257051203539,4.313697193549275,0.011250806056718875,True,True,1,6,0,-5
random_0418,random_cycle_chord,crossing_rich,e4ab56580d94aa68514e96273eb4e7ec,6,6.0,13.246806372286184,14,19,6,3,0.04831353173085948,4.295342083063842,0.011247889177757344,True,True,1,6,0,-5
random_0419,random_cycle_chord,crossing_rich,1fea8fa66b1477450a910854c926e957,2,2.0,11.104407337547649,11,14,4,3,0.057634773342288136,5.0216172967670625,0.011477332886238392,True,True,1,4,0,-3
random_0420,random_cycle_chord,crossing_rich,ec78b0e3d7d9688e1a7bdfd7e5a43401,5,5.0,14.03596325948641,13,18,6,3,0.045597155547371974,4.068940579483965,0.011206149280546814,True,True,1,6,0,-5
random_0421,random_cycle_chord,crossing_rich,c22a8c1df2a27af25fb58b2ace4e6c90,2,2.0,10.988266653504915,11,14,4,3,0.058243945126309794,5.075432869392634,0.011475660623461212,True,True,1,4,0,-3
random_0422,random_cycle_chord,crossing_rich,2b18c6ca86009f9b982691d74bb4b2d7,2,2.0,12.348372966875338,13,16,4,3,0.051828690445033354,4.565862522285616,0.011351347131470032,True,True,1,4,0,-3
random_0423,random_cycle_chord,crossing_rich,99896318c0ca2a15108f38d8c23923a1,5,5.0,13.968785264164742,12,16,5,3,0.04581643914606118,4.092876103069123,0.011194191564143568,True,True,1,5,0,-4
random_0424,random_cycle_chord,crossing_rich,2869ffe2be461b3b7206d96e128a0980,5,5.0,14.131284364532544,13,17,5,3,0.04528958468957757,4.046938214796679,0.011191073914592233,True,True,1,5,0,-4
random_0425,random_cycle_chord,crossing_rich,c079fa538be31b4a8553584bccff0784,5,5.0,13.248880262589163,14,19,6,3,0.04830596905665808,4.297218959239334,0.011241216590277934,True,True,1,6,0,-5
random_0426,random_cycle_chord,crossing_rich,8d3a60f0eec9e9ff88211203235b3920,9,9.0,13.250038680958246,14,20,7,3,0.048301745784316084,4.296421842758042,0.011242319202368942,True,True,1,7,0,-6
random_0427,random_cycle_chord,crossing_rich,9c8200e942512d251e59c8513563443a,3,3.0,13.015660209915362,13,17,5,3,0.049171535648452655,4.368123449695066,0.011256901553889295,True,True,1,5,0,-4
random_0428,random_cycle_chord,crossing_rich,190511b78a5d8243460942aefdfc3f43,4,4.0,14.276732439138932,12,17,6,3,0.044828184791463395,4.006615787680774,0.01118854094502836,True,True,1,6,0,-5
random_0429,random_cycle_chord,crossing_rich,a3826756d5dfd0d450c1a14cf955fa3c,2,2.0,11.105148683470086,11,14,4,3,0.05763092582025798,5.024265099593082,0.01147051850924935,True,True,1,4,0,-3
random_0430,random_cycle_chord,crossing_rich,6621f4b4f14ad200e9bf21ab210950ad,6,6.0,14.116940465324596,15,20,6,3,0.045335602397136285,4.045754259463155,0.011205723207506929,True,True,1,6,0,-5
random_0431,random_cycle_chord,crossing_rich,09500b242d88a53069949e92fd3522a2,6,6.0,12.347409403996709,13,18,6,3,0.051832735034511745,4.563757595950354,0.011357468915637737,True,True,1,6,0,-5
random_0432,random_cycle_chord,crossing_rich,356435b57d4455f6cc025db9687a1e5f,4,4.0,13.742851602392658,12,16,5,3,0.04656966534431433,4.154585776456942,0.01120921984767137,True,True,1,5,0,-4
random_0433,random_cycle_chord,crossing_rich,236013ee328e524aa2fa9320e2dc806a,6,6.0,13.40563008987665,14,19,6,3,0.04774113530726916,4.252181357432336,0.011227445702385907,True,True,1,6,0,-5
random_0434,random_cycle_chord,baseline,0419b2ac4e61057051ccb335ed3db8e8,0,,,14,16,3,3,0.048302039427518165,4.290749575513223,0.011257249713003977,True,True,1,3,0,-2
random_0435,random_cycle_chord,crossing_rich,11619dcdb7c3a684a5e5c72738977165,5,5.0,14.03655924612188,13,18,6,3,0.045595219510566574,4.068793923921902,0.011206077369142706,True,True,1,6,0,-5
random_0436,random_cycle_chord,baseline,f5674b1fa009ce402c82274027f15c8d,0,,,15,17,3,3,0.045303592618328725,4.0472881520692985,0.011193567375519308,True,True,1,3,0,-2
random_0437,random_cycle_chord,crossing_rich,84567a6e31a89606b6e4b06240b3c7c5,3,3.0,14.067434770331648,13,17,5,3,0.045495146090868396,4.057448148432801,0.011212748611079848,True,True,1,5,0,-4
random_0438,random_cycle_chord,crossing_rich,9e2f3039ab75c6711fa4756fd3db9b3a,5,5.0,14.132670500437122,13,18,6,3,0.04528514267563267,4.040421998295762,0.011208022997284395,True,True,1,6,0,-5
random_0439,random_cycle_chord,crossing_rich,438314a155c83a83b109a3f43e95e259,3,3.0,13.057112125182735,13,17,5,3,0.049015432651884586,4.3487643711676345,0.011271117142344514,True,True,1,5,0,-4
random_0440,random_cycle_chord,crossing_rich,178f01189e5468c39a09749cacf3fc47,4,4.0,11.497554804801473,12,16,5,3,0.05566400951032917,4.880403159639434,0.011405617054481548,True,True,1,5,0,-4
random_0441,random_cycle_chord,crossing_rich,9358aa1149bacf06d6a8385c92fd2607,6,6.0,13.229541481264006,14,19,6,3,0.04837658212919801,4.28942052156004,0.011278115980012072,True,True,1,6,0,-5
random_0442,random_cycle_chord,crossing_rich,22e2640cf0d3d30e4004a424ef0307e1,4,4.0,11.497681279135534,12,16,5,3,0.05566339720699921,4.8818048086434205,0.011402216882667054,True,True,1,5,0,-4
random_0443,random_cycle_chord,crossing_rich,c086538f249c9c8fa306f8c42905b021,3,3.0,12.612633035489944,12,16,5,3,0.050742774978003544,4.494330659081517,0.011290396463257463,True,True,1,5,0,-4
random_0444,random_cycle_chord,crossing_rich,a46ca595aeea82ca47adf9d497127daf,4,4.0,12.371731386141468,13,17,5,3,0.05173083540408204,4.566487785715172,0.01132836390494808,True,True,1,5,0,-4
random_0445,random_cycle_chord,crossing_rich,a4f7d8477a0525516554ce9fe3f8d1bb,6,6.0,12.351788188615638,13,18,6,3,0.051814360012250975,4.56290750940826,0.011355557811639824,True,True,1,6,0,-5
random_0446,random_cycle_chord,crossing_rich,a80a87ed6a398622e09e4789c36540b3,9,9.0,14.123773835373466,15,21,7,3,0.0453136681073934,4.046347905467134,0.011198658436208323,True,True,1,7,0,-6
random_0447,random_cycle_chord,crossing_rich,dda0733a0ad2060aa1290572f796ea9b,4,4.0,12.367557218210983,13,17,5,3,0.05174829505196165,4.570518130393215,0.011322194459276675,True,True,1,5,0,-4
random_0448,random_cycle_chord,crossing_rich,cefb2f0b5ccd7d0f7af0ed0b0f62d43f,9,9.0,14.121696364656799,15,21,7,3,0.04532033429084099,4.046536122111102,0.01119978493289641,True,True,1,7,0,-6
random_0449,random_cycle_chord,crossing_rich,f0c6244ee2bfda76b29f23c6919864e8,5,5.0,13.248720943501047,14,19,6,3,0.048306549947671897,4.290048536962872,0.011260140656093926,True,True,1,6,0,-5
random_0450,random_cycle_chord,crossing_rich,d3a409298b01e9eb7c65326a705cfc1f,6,6.0,13.250044170257052,14,19,6,3,0.04830172577361182,4.296399205708145,0.011242373778823606,True,True,1,6,0,-5
random_0451,random_cycle_chord,crossing_rich,7406c3b2370fffc472ac7a3c84623606,6,6.0,14.107019505786516,15,20,6,3,0.045367485296059905,4.047855892727188,0.011207781724041112,True,True,1,6,0,-5
random_0452,random_cycle_chord,crossing_rich,466e5b725e29ac81686f2e8d6e4f96f5,4,4.0,14.097177402902052,12,16,5,3,0.04539915911594113,4.0528769306670975,0.011201711745159874,True,True,1,5,0,-4
random_0453,random_cycle_chord,crossing_rich,6cb5d267f79288cff564e8dc2517bcd4,6,6.0,12.371520395137416,13,18,6,3,0.05173171765141735,4.568078860334581,0.011324611337298224,True,True,1,6,0,-5
random_0454,random_cycle_chord,crossing_rich,39c1df77e959b3c04c8e372c9f24dc6b,4,4.0,14.222335831158604,13,18,6,3,0.04499964053709617,4.024171180134986,0.01118233756039839,True,True,1,6,0,-5
random_0455,random_cycle_chord,crossing_rich,0effb6e73627c689fd917a766c2ab59e,7,7.0,14.024867150160356,13,18,6,3,0.045633230828334974,4.069444955784477,0.011213625279160002,True,True,1,6,0,-5
random_0456,random_cycle_chord,crossing_rich,891d744e4352299e0c1c98024a0fa8cf,5,5.0,14.130124108106026,15,20,6,3,0.04529330351973705,4.050615632009759,0.01118183200642621,True,True,1,6,0,-5
random_0457,random_cycle_chord,crossing_rich,1eb92059722ffc2888a39f0742dd1196,6,6.0,13.249986432293346,14,19,6,3,0.04830193625256618,4.290964771715055,0.01125666110590332,True,True,1,6,0,-5
random_0458,random_cycle_chord,crossing_rich,4569dc2587a25c2b09adfe1a87f96293,5,5.0,14.121674697241717,13,18,6,3,0.0453204038275295,4.0429056499913445,0.011209859381117768,True,True,1,6,0,-5
random_0459,random_cycle_chord,crossing_rich,1c44d8b954ae4143d1b4fdbdf23d2706,4,4.0,11.489334973843768,12,16,5,3,0.055703833290351654,4.8723320224398545,0.011432684191841583,True,True,1,5,0,-4
random_0460,random_cycle_chord,crossing_rich,1374429828aca38bc7ea7eb9ae590e77,3,3.0,12.510976938358395,12,16,5,3,0.05115507790904588,4.519053263003731,0.011319866116170547,True,True,1,5,0,-4
random_0461,random_cycle_chord,crossing_rich,e62a6b066078b004e9fbdcc3ed1e09f2,3,3.0,14.159989054865953,13,17,5,3,0.04519777504913182,4.047269713703137,0.011167472949999455,True,True,1,5,0,-4
random_0462,random_cycle_chord,crossing_rich,648e3abd92399ac4dc27917713512496,6,6.0,12.368253590829081,13,18,6,3,0.0517453814558389,4.564315392721172,0.01133694256500297,True,True,1,6,0,-5
random_0463,random_cycle_chord,crossing_rich,3bb2b51e0e27e27dd377eadc5e7898eb,3,3.0,13.885214488684062,12,16,5,3,0.04609219400403043,4.106802385637266,0.01122337762470111,True,True,1,5,0,-4
random_0464,random_cycle_chord,crossing_rich,085f2d3bd2464dd6a2178b7ffff3d2b8,5,5.0,13.244548484864847,13,18,6,3,0.048321768064147855,4.295576124349558,0.011249193743822852,True,True,1,6,0,-5
random_0465,random_cycle_chord,crossing_rich,f901beda05025885377f8ed6589f9151,11,11.0,14.112647751815574,15,22,8,3,0.04534939235039469,4.047652669568681,0.011203874455766268,True,True,1,8,0,-7
random_0466,random_cycle_chord,crossing_rich,bb401616b490c605c5376603b67847de,4,4.0,12.691403771864707,13,17,5,3,0.05042783379241325,4.455045267659929,0.011319264061911796,True,True,1,5,0,-4
random_0467,random_cycle_chord,crossing_rich,b6bbb1402661354151e7f8e43af45905,2,2.0,10.942557015872463,11,14,4,3,0.058487243801577944,5.098659626438675,0.011471101835921193,True,True,1,4,0,-3
random_0468,random_cycle_chord,crossing_rich,44bd44246509f4cb6468822aafac87fc,6,6.0,12.370779707893256,13,18,6,3,0.05173481503285067,4.564784822744738,0.011333461935615026,True,True,1,6,0,-5
random_0469,random_cycle_chord,crossing_rich,df0768bcc017887d2ce47d08b8eb8f0b,6,6.0,13.22566444494586,14,19,6,3,0.0483907634783955,4.2940183303473685,0.01126934254947181,True,True,1,6,0,-5
random_0470,random_cycle_chord,crossing_rich,95357a28cb4b877aabc78009d94afbe1,9,9.0,14.131047291099437,15,21,7,3,0.04529034450285292,4.0492945818376365,0.011184749241508484,True,True,1,7,0,-6
random_0471,random_cycle_chord,crossing_rich,a038f326dd2d5be3e40ea8f8d4ab7e9e,3,3.0,12.754365062843844,12,16,5,3,0.05017889929028729,4.443083687279948,0.011293710139636549,True,True,1,5,0,-4
random_0472,random_cycle_chord,crossing_rich,fe65076eb841859796bf931b8ad6af1b,2,2.0,11.164146443740796,11,14,4,3,0.05732637091649917,5.0042014038759435,0.011455648222331284,True,True,1,4,0,-3
random_0473,random_cycle_chord,crossing_rich,2d14c5692180cbc4948046d58ec68ad0,4,4.0,14.09668714097083,13,18,6,3,0.045400738031554526,4.056953587164689,0.011190844818928295,True,True,1,6,0,-5
random_0474,random_cycle_chord,crossing_rich,ae5e91a41a04fa3f5e5a5de7c48f8dff,9,9.0,14.130651967263892,15,21,7,3,0.04529161156064639,4.048903339587101,0.011186142953283034,True,True,1,7,0,-6
random_0475,random_cycle_chord,crossing_rich,4b0582c6d56597c322cc6a71a08c13e9,6,6.0,13.972225282608262,13,18,6,3,0.04580515895321494,4.093129009843569,0.011190744011014088,True,True,1,6,0,-5
random_0476,random_cycle_chord,crossing_rich,86513cbd4095537ad01134fdd371c3b8,6,6.0,14.111219864038855,15,20,6,3,0.045353981170046194,4.045794980301877,0.011210153107328763,True,True,1,6,0,-5
random_0477,random_cycle_chord,crossing_rich,799b01601b2f76f164e74d2da353371a,4,4.0,12.371821505059991,13,17,5,3,0.05173045858592806,4.566965466579443,0.011327096507404301,True,True,1,5,0,-4
random_0478,random_cycle_chord,crossing_rich,1c87ece1f6873a94be83c6d9a0945a0a,6,6.0,13.346762315311732,14,19,6,3,0.047951704307027054,4.26568718407774,0.011241261310959072,True,True,1,6,0,-5
random_0479,random_cycle_chord,crossing_rich,d8fcc16ca0825179fa0fde19c1a26059,3,3.0,12.434336112513872,12,16,5,3,0.051470379617284616,4.546829053725821,0.011320060422132672,True,True,1,5,0,-4
random_0480,random_cycle_chord,crossing_rich,78faf14be49f88b5074b59c6a6602096,2,2.0,10.632301100777832,11,14,4,3,0.06019393110990613,5.227590249577786,0.011514661294421035,True,True,1,4,0,-3
random_0481,random_cycle_chord,crossing_rich,ed82af94b4a640a2662899958e329743,8,8.0,14.174811243008246,15,21,7,3,0.04515051304938408,4.029987755767921,0.011203635292628964,True,True,1,7,0,-6
random_0482,random_cycle_chord,crossing_rich,9eaad2c0fb4508a3e43640206b9b9ac2,3,3.0,12.467370640770515,12,16,5,3,0.051333999641198315,4.535493474234666,0.01131828321059608,True,True,1,5,0,-4
random_0483,random_cycle_chord,crossing_rich,744c436ed1b6b88a85e5d2859bdfd6b3,3,3.0,12.487173128095982,12,16,5,3,0.05125259283544392,4.521116369498364,0.011336269329676778,True,True,1,5,0,-4
random_0484,random_cycle_chord,crossing_rich,826ab04f953da1d84c5fb18e8caa4ec9,10,10.0,14.125395821336951,15,22,8,3,0.045308464845512895,4.045224058262954,0.011200483383105522,True,True,1,8,0,-7
random_0485,random_cycle_chord,crossing_rich,a6dc35edd72ca25e1faace1c851c6714,9,9.0,14.106956569200188,15,21,7,3,0.0453676876979487,4.047824602959628,0.011207918363057883,True,True,1,7,0,-6
random_0486,random_cycle_chord,crossing_rich,4c7fa8f21d8bf9e639dfc72a086a984d,7,7.0,14.128632524167777,15,21,7,3,0.0452980852113781,4.0462888826116306,0.011194970632482613,True,True,1,7,0,-6
random_0487,random_cycle_chord,crossing_rich,6124c7aa49b2c5666d3193040ded5372,3,3.0,12.801789850863548,12,16,5,3,0.04999300937257837,4.422435795547162,0.011304405916512132,True,True,1,5,0,-4
random_0488,random_cycle_chord,crossing_rich,a4f0b832a123cc8bff26a48e80242c94,5,5.0,14.048846540662879,13,18,6,3,0.04555534136895785,4.066063244299301,0.01120379557126351,True,True,1,6,0,-5
random_0489,random_cycle_chord,crossing_rich,31bd268cb762d7c96bf118503d0a7324,5,5.0,13.335639941790607,14,19,6,3,0.047991697645824845,4.2725090899003115,0.011232673034978755,True,True,1,6,0,-5
random_0490,random_cycle_chord,crossing_rich,bf820f103305d352b34032b0ca7bb49a,4,4.0,12.349724754865148,13,17,5,3,0.05182301733063916,4.567273296816759,0.011346598717172918,True,True,1,5,0,-4
random_0491,random_cycle_chord,crossing_rich,0b98a0df93b07b735a7dd102891a678c,8,8.0,14.133701139146604,15,21,7,3,0.045281840453479646,4.051795663612077,0.011175746314193939,True,True,1,7,0,-6
random_0492,random_cycle_chord,crossing_rich,1e4faa117311aef1112a85eec3115b9b,5,5.0,13.244554093250745,14,19,6,3,0.04832174760237008,4.293860328725717,0.011253684075166566,True,True,1,6,0,-5
random_0493,random_cycle_chord,crossing_rich,3b53ec814bd3668cf4b08e3430f84e27,9,9.0,14.111024445174046,15,21,7,3,0.04535460926218431,4.04578955014128,0.01121032339919918,True,True,1,7,0,-6
random_0494,random_cycle_chord,crossing_rich,e3667a1e56ef182b09ca2f15c3e6ebbf,4,4.0,14.175609041530231,12,16,5,3,0.045147971993654334,4.039159252732046,0.011177566708496752,True,True,1,5,0,-4
random_0495,random_cycle_chord,baseline,6549b7283e05a5771e94d87526f007ac,0,,,15,17,3,3,0.04535365902649009,4.045841291458585,0.011209945165728296,True,True,1,3,0,-2
random_0496,random_cycle_chord,crossing_rich,c0b0d919a53901ec4a8854a91193b6dc,5,5.0,14.193862751459331,13,18,6,3,0.045089910421615066,4.025207983523814,0.011201883382468528,True,True,1,6,0,-5
random_0497,random_cycle_chord,crossing_rich,897e81cbcc8831163b16a91783ac69d4,9,9.0,14.111793323240711,15,21,7,3,0.045352138125916576,4.046178404911598,0.011208635306556,True,True,1,7,0,-6
random_0498,random_cycle_chord,crossing_rich,245a1af1f73453385ecdf4bb231e1fbb,6,6.0,12.354504148827738,13,18,6,3,0.05180296936973603,4.562266402594006,0.011354656830272336,True,True,1,6,0,-5
random_0499,random_cycle_chord,crossing_rich,d65b8cce06c85030a8e9e9b6bdf71a11,4,4.0,13.246576398137524,14,18,5,3,0.04831437050330864,4.2930016414511645,0.011254216638728541,True,True,1,5,0,-4
random_0500,random_cycle_chord,crossing_rich,efb9a09603cfda5a2e56c1ee014c9eb9,6,6.0,13.243997309867142,14,19,6,3,0.04832377906957006,4.294260654418928,0.01125310803382263,True,True,1,6,0,-5
random_0501,random_cycle_chord,crossing_rich,915947bca9b0cd965b059260a099427e,2,2.0,14.000195219398398,13,16,4,3,0.04571364827207756,4.08514027728585,0.0111902273041281,True,True,1,4,0,-3
random_0502,random_cycle_chord,crossing_rich,57e4876e364ce3a95a0cae23e1d5fd5f,4,4.0,11.497895012633734,12,16,5,3,0.055662362484330964,4.878300906497432,0.011410194563888833,True,True,1,5,0,-4
random_0503,random_cycle_chord,crossing_rich,1e64f4d33fba76b837567e9ac9c67712,6,6.0,13.249929509461872,14,19,6,3,0.04830214376181936,4.290612677499346,0.01125763320821837,True,True,1,6,0,-5
random_0504,random_cycle_chord,crossing_rich,10dcbb082454d7818e1cb8b6962bec8a,3,3.0,12.959148057720402,11,15,5,3,0.049385962499187634,4.379207428538472,0.011277374571788628,True,True,1,5,0,-4
random_0505,random_cycle_chord,crossing_rich,0135796671415bf5f59dd82de37e14d1,8,8.0,14.12694570918543,15,21,7,3,0.04530349398765424,4.047165807969902,0.01119388138198838,True,True,1,7,0,-6
random_0506,random_cycle_chord,crossing_rich,002b757f333f574be259199485ec07de,3,3.0,11.499782275692967,12,16,5,3,0.05565322757047017,4.877195418018477,0.011410907868252109,True,True,1,5,0,-4
random_0507,random_cycle_chord,crossing_rich,cd12a5d0402f6b20ac26898b8e6dde49,2,2.0,11.124557345043248,11,14,4,3,0.05753037897594764,5.020585545175216,0.011458898261624953,True,True,1,4,0,-3
random_0508,random_cycle_chord,crossing_rich,a7e2bb9fefa22be1ccf327675d541898,4,4.0,12.195752875320037,12,16,5,3,0.05247728504692297,4.627259016696858,0.011340900705485811,True,True,1,5,0,-4
random_0509,random_cycle_chord,baseline,a25a3f30bd228caacbec915d450f2009,0,,,14,16,3,3,0.048329336575505824,4.290023032224696,0.011265519138819976,True,True,1,3,0,-2
random_0510,random_cycle_chord,crossing_rich,02518508aaf5bcc0acdfb5f0dead6f1d,5,5.0,13.246692060998557,14,19,6,3,0.04831394864868292,4.295693464408891,0.011247066171964661,True,True,1,6,0,-5
random_0511,random_cycle_chord,crossing_rich,9ffa2763b4de513abefd24181e9b8893,5,5.0,13.250146632228528,14,19,6,3,0.048301352261515246,4.295939729066652,0.01124348927306979,True,True,1,6,0,-5
random_0512,random_cycle_chord,crossing_rich,fcce495ff95b8653070122607abbe27b,6,6.0,13.246609508702344,14,19,6,3,0.04831424973911647,4.29299015683227,0.0112542186154852,True,True,1,6,0,-5
random_0513,random_cycle_chord,crossing_rich,e8131ce4a047242deb52e1416fef5717,4,4.0,11.497624806615645,12,16,5,3,0.05566367060714565,4.880744041137513,0.011404751025249954,True,True,1,5,0,-4
random_0514,random_cycle_chord,crossing_rich,d98ac25f28a8fe00068cfb47a0b08842,3,3.0,12.722552787507738,12,16,5,3,0.050304369782487,4.448135394686294,0.011309091409982751,True,True,1,5,0,-4
random_0515,random_cycle_chord,crossing_rich,7184d32212f2feba8c5c3324bdece8da,3,3.0,14.15782211252412,12,16,5,3,0.04520469284847498,4.046007470266136,0.011172666679604903,True,True,1,5,0,-4
random_0516,random_cycle_chord,crossing_rich,9d558121a470a51a0ead33679f3f3eed,3,3.0,12.878326919263385,12,16,5,3,0.04969589637010137,4.396848772732259,0.011302616700919576,True,True,1,5,0,-4
random_0517,random_cycle_chord,crossing_rich,b0f0358ccfc8e6ebe656158a722177f6,5,5.0,14.29978463634281,15,20,6,3,0.044755918797087624,4.007539894453767,0.01116792844882906,True,True,1,6,0,-5
random_0518,random_cycle_chord,crossing_rich,4f2378b76b4b0a1099efec086a558cca,7,7.0,12.34840618651557,13,18,6,3,0.05182855101566698,4.566127526172595,0.011350657798887746,True,True,1,6,0,-5
random_0519,random_cycle_chord,crossing_rich,dbec1ea82e3f9ba8d179a5d6d80d891f,7,7.0,14.273064461504099,11,16,6,3,0.04483970500701828,4.016552319316133,0.011163729846460156,True,True,1,6,0,-5
random_0520,random_cycle_chord,crossing_rich,46ffcc638c94ea2cdfde029fcd933492,3,3.0,13.09040283024342,12,16,5,3,0.048890779626840485,4.341888284762767,0.011260257385805076,True,True,1,5,0,-4
random_0521,random_cycle_chord,crossing_rich,200feb1abbc6a2415ae9a1820375e9e8,4,4.0,12.348248008670787,13,17,5,3,0.05182921492592309,4.5650453514923335,0.01135349398204333,True,True,1,5,0,-4
random_0522,random_cycle_chord,crossing_rich,d3958c35cdcbf50f38540a37dcb26ac4,8,8.0,13.226985557234162,14,20,7,3,0.04838593020538745,4.290961009392007,0.011276245600806175,True,True,1,7,0,-6
random_0523,random_cycle_chord,crossing_rich,5213c1d0d9f137456d11109cf6b93dfe,2,2.0,12.891293814177889,12,15,4,3,0.04964590903173162,4.392484112820021,0.011302467523293652,True,True,1,4,0,-3
random_0524,random_cycle_chord,crossing_rich,b72e49aa7209e4f953415d61b17a2bd2,12,12.0,14.122538850602654,15,22,8,3,0.045317630687395076,4.043981883256385,0.011206190333103917,True,True,1,8,0,-7
random_0525,random_cycle_chord,crossing_rich,0305e4e57fb456ab80fb38792f59a7ca,5,5.0,12.80873768833984,13,18,6,3,0.04996589168834415,4.417480166711883,0.011310948731556135,True,True,1,6,0,-5
random_0526,random_cycle_chord,crossing_rich,d69213cda7c3194cab09bee2cddeb6a4,3,3.0,14.238725461998742,12,16,5,3,0.04494784323976711,4.01639255546737,0.01119109813570918,True,True,1,5,0,-4
random_0527,random_cycle_chord,crossing_rich,d46e10eea0e92a62646448c1bc2d21e3,6,6.0,13.227101508988934,14,19,6,3,0.048385506043411394,4.290728391543308,0.01127675807650176,True,True,1,6,0,-5
random_0528,random_cycle_chord,crossing_rich,ee544e725a281667255ae53c219c46ba,4,4.0,12.368247789123803,13,17,5,3,0.05174540572859425,4.572063315029193,0.01131773603364105,True,True,1,5,0,-4
random_0529,random_cycle_chord,crossing_rich,6b67339f8f89cb95c2d054586baa8e2d,4,4.0,13.885317444596884,12,16,5,3,0.04609185224274722,4.113926885216341,0.011203857902380626,True,True,1,5,0,-4
random_0530,random_cycle_chord,crossing_rich,6732288f48696afa04e2f30247a9d47c,5,5.0,13.243206219272816,14,19,6,3,0.048326665718503206,4.291603901894923,0.011260746989526447,True,True,1,6,0,-5
random_0531,random_cycle_chord,crossing_rich,7321014f5f3c429d2fc79dd046f5036a,6,6.0,13.24770418437583,14,19,6,3,0.048310257467464264,4.296327669583265,0.011244546781076933,True,True,1,6,0,-5
random_0532,random_cycle_chord,crossing_rich,bc99653d9e41c1b29283637a89d3d6f6,6,6.0,12.355374823970784,13,18,6,3,0.051799318848533005,4.565637894687262,0.011345472427589699,True,True,1,6,0,-5
random_0533,random_cycle_chord,crossing_rich,52d28e205827fd2ff5d30a3196ef6dec,3,3.0,12.368150241131648,13,17,5,3,0.051745813846245936,4.564587171192354,0.011336362283279383,True,True,1,5,0,-4
random_0534,random_cycle_chord,crossing_rich,72383d155c6a79ff9ad1728d0fc2e672,3,3.0,12.529929170122152,12,16,5,3,0.05107770293914285,4.509038555973011,0.011327847900409166,True,True,1,5,0,-4
random_0535,random_cycle_chord,crossing_rich,86d83e62f43d037514715eaf40d0acd0,4,4.0,11.497639512070847,12,16,5,3,0.05566359941343553,4.880935705948205,0.011404288596877128,True,True,1,5,0,-4
random_0536,random_cycle_chord,crossing_rich,736df1867eb2eb1471344cd44907f742,5,5.0,12.725856602536984,13,18,6,3,0.05029131004606886,4.4461460406221445,0.011311214158640559,True,True,1,6,0,-5
