settings_hash,schema_version,benchmark,suite,case_key,graph_type,size,label,family,n,abstract_graph,V,E,crossings,extra_projection_crossings,knottedgraph_result,knottedgraph_status,knottedgraph_s,topoly_result,topoly_status,topoly_s,topoly_over_knottedgraph,case_wall_s,timeout_s,row_error,knottedgraph_error,topoly_error,paper,theorem,formula,pieces,case_hash,embedding_hash,pd_hash,benchmark_geometry,closed_component_crossings,component_crossings,intrinsic_replacement_crossings,knottedgraph_vs_published,knottedgraph_vs_theorem,topoly_monomial_shift,topoly_unit_sign,topoly_variable_orientation,topoly_vs_published,topoly_vs_theorem
09928a20a4c8,4,dobrynin_vesnin_theta_validation,Dobrynin-Vesnin Theta(n),dv:theta:0,dv_handcuff,0,Theta(0),,0,handcuff,,,0,,PASS,ok,0.0013153750041965395,PASS,ok,0.5877699590055272,446.84592388506746,1.7010064579953905,60.0,,,,"A.A. Dobrynin and A.Yu. Vesnin, The Yamada polynomial for graphs, embedded knot-wise into three-dimensional space, Vychisl. Sistemy 155 (1996) 37-86, Theorem 2",Theorem 2,R(Theta(n))(A)=(A^2+A+1+A^-1+A^-2)A^n-(A+A^-1)A^(-2n)-(A^2+1+A^-2)(-1)^n A^(-n),,,,,,,,,PASS,,0,1,1,PASS,
09928a20a4c8,4,dobrynin_vesnin_theta_validation,Dobrynin-Vesnin Theta(n),dv:theta:1,dv_theta,1,Theta(1),,1,theta,,,1,,PASS,ok,0.015116707989363931,PASS,ok,0.6400968329980969,42.343665925707306,1.9717312499997206,60.0,,,,"A.A. Dobrynin and A.Yu. Vesnin, The Yamada polynomial for graphs, embedded knot-wise into three-dimensional space, Vychisl. Sistemy 155 (1996) 37-86, Theorem 2",Theorem 2,R(Theta(n))(A)=(A^2+A+1+A^-1+A^-2)A^n-(A+A^-1)A^(-2n)-(A^2+1+A^-2)(-1)^n A^(-n),,,,,,,,,PASS,,-2,1,1,PASS,
09928a20a4c8,4,dobrynin_vesnin_theta_validation,Dobrynin-Vesnin Theta(n),dv:theta:2,dv_handcuff,2,Theta(2),,2,handcuff,,,2,,PASS,ok,0.015185290991212241,PASS,ok,0.6790298330015503,44.71628718833944,1.9107695420098025,60.0,,,,"A.A. Dobrynin and A.Yu. Vesnin, The Yamada polynomial for graphs, embedded knot-wise into three-dimensional space, Vychisl. Sistemy 155 (1996) 37-86, Theorem 2",Theorem 2,R(Theta(n))(A)=(A^2+A+1+A^-1+A^-2)A^n-(A+A^-1)A^(-2n)-(A^2+1+A^-2)(-1)^n A^(-n),,,,,,,,,PASS,,1,-1,1,PASS,
09928a20a4c8,4,dobrynin_vesnin_theta_validation,Dobrynin-Vesnin Theta(n),dv:theta:3,dv_theta,3,Theta(3),,3,theta,,,3,,PASS,ok,0.01361279099364765,PASS,ok,0.5882835410011467,43.215497929533086,1.731033000003663,60.0,,,,"A.A. Dobrynin and A.Yu. Vesnin, The Yamada polynomial for graphs, embedded knot-wise into three-dimensional space, Vychisl. Sistemy 155 (1996) 37-86, Theorem 2",Theorem 2,R(Theta(n))(A)=(A^2+A+1+A^-1+A^-2)A^n-(A+A^-1)A^(-2n)-(A^2+1+A^-2)(-1)^n A^(-n),,,,,,,,,PASS,,0,1,-1,PASS,
09928a20a4c8,4,dobrynin_vesnin_theta_validation,Dobrynin-Vesnin Theta(n),dv:theta:4,dv_handcuff,4,Theta(4),,4,handcuff,,,4,,PASS,ok,0.015430125000420958,PASS,ok,0.5987897080049152,38.8065364336698,1.7717905419995077,60.0,,,,"A.A. Dobrynin and A.Yu. Vesnin, The Yamada polynomial for graphs, embedded knot-wise into three-dimensional space, Vychisl. Sistemy 155 (1996) 37-86, Theorem 2",Theorem 2,R(Theta(n))(A)=(A^2+A+1+A^-1+A^-2)A^n-(A+A^-1)A^(-2n)-(A^2+1+A^-2)(-1)^n A^(-n),,,,,,,,,PASS,,0,1,-1,PASS,
09928a20a4c8,4,dobrynin_vesnin_theta_validation,Dobrynin-Vesnin Theta(n),dv:theta:5,dv_theta,5,Theta(5),,5,theta,,,5,,PASS,ok,0.019147875005728565,PASS,ok,0.73060962499585,38.15617267071515,1.9660240410012193,60.0,,,,"A.A. Dobrynin and A.Yu. Vesnin, The Yamada polynomial for graphs, embedded knot-wise into three-dimensional space, Vychisl. Sistemy 155 (1996) 37-86, Theorem 2",Theorem 2,R(Theta(n))(A)=(A^2+A+1+A^-1+A^-2)A^n-(A+A^-1)A^(-2n)-(A^2+1+A^-2)(-1)^n A^(-n),,,,,,,,,PASS,,0,1,-1,PASS,
09928a20a4c8,4,dobrynin_vesnin_theta_validation,Dobrynin-Vesnin Theta(n),dv:theta:6,dv_handcuff,6,Theta(6),,6,handcuff,,,6,,PASS,ok,0.021667083987267688,PASS,ok,0.7555385830055457,34.870339887431356,2.0396777499991003,60.0,,,,"A.A. Dobrynin and A.Yu. Vesnin, The Yamada polynomial for graphs, embedded knot-wise into three-dimensional space, Vychisl. Sistemy 155 (1996) 37-86, Theorem 2",Theorem 2,R(Theta(n))(A)=(A^2+A+1+A^-1+A^-2)A^n-(A+A^-1)A^(-2n)-(A^2+1+A^-2)(-1)^n A^(-n),,,,,,,,,PASS,,0,1,-1,PASS,
09928a20a4c8,4,dobrynin_vesnin_theta_validation,Dobrynin-Vesnin Theta(n),dv:theta:7,dv_theta,7,Theta(7),,7,theta,,,7,,PASS,ok,0.03936895799415652,PASS,ok,0.5529216249997262,14.044609082155429,1.8852472500002477,60.0,,,,"A.A. Dobrynin and A.Yu. Vesnin, The Yamada polynomial for graphs, embedded knot-wise into three-dimensional space, Vychisl. Sistemy 155 (1996) 37-86, Theorem 2",Theorem 2,R(Theta(n))(A)=(A^2+A+1+A^-1+A^-2)A^n-(A+A^-1)A^(-2n)-(A^2+1+A^-2)(-1)^n A^(-n),,,,,,,,,PASS,,0,1,-1,PASS,
09928a20a4c8,4,dobrynin_vesnin_theta_validation,Dobrynin-Vesnin Theta(n),dv:theta:8,dv_handcuff,8,Theta(8),,8,handcuff,,,8,,PASS,ok,0.018065292009850964,PASS,ok,0.549261166001088,30.404222954247132,1.5688250420062104,60.0,,,,"A.A. Dobrynin and A.Yu. Vesnin, The Yamada polynomial for graphs, embedded knot-wise into three-dimensional space, Vychisl. Sistemy 155 (1996) 37-86, Theorem 2",Theorem 2,R(Theta(n))(A)=(A^2+A+1+A^-1+A^-2)A^n-(A+A^-1)A^(-2n)-(A^2+1+A^-2)(-1)^n A^(-n),,,,,,,,,PASS,,0,1,-1,PASS,
09928a20a4c8,4,dobrynin_vesnin_theta_validation,Dobrynin-Vesnin Theta(n),dv:theta:9,dv_theta,9,Theta(9),,9,theta,,,9,,PASS,ok,0.015879166006925516,PASS,ok,0.5211382079869509,32.818991108201935,1.5319330420024926,60.0,,,,"A.A. Dobrynin and A.Yu. Vesnin, The Yamada polynomial for graphs, embedded knot-wise into three-dimensional space, Vychisl. Sistemy 155 (1996) 37-86, Theorem 2",Theorem 2,R(Theta(n))(A)=(A^2+A+1+A^-1+A^-2)A^n-(A+A^-1)A^(-2n)-(A^2+1+A^-2)(-1)^n A^(-n),,,,,,,,,PASS,,0,1,-1,PASS,
09928a20a4c8,4,dobrynin_vesnin_theta_validation,Dobrynin-Vesnin Theta(n),dv:theta:10,dv_handcuff,10,Theta(10),,10,handcuff,,,10,,PASS,ok,0.017604249995201826,PASS,ok,0.5816206669987878,33.03865073248295,1.6120210840017535,60.0,,,,"A.A. Dobrynin and A.Yu. Vesnin, The Yamada polynomial for graphs, embedded knot-wise into three-dimensional space, Vychisl. Sistemy 155 (1996) 37-86, Theorem 2",Theorem 2,R(Theta(n))(A)=(A^2+A+1+A^-1+A^-2)A^n-(A+A^-1)A^(-2n)-(A^2+1+A^-2)(-1)^n A^(-n),,,,,,,,,PASS,,0,1,-1,PASS,
09928a20a4c8,4,dobrynin_vesnin_theta_validation,Dobrynin-Vesnin Theta(n),dv:theta:11,dv_theta,11,Theta(11),,11,theta,,,11,,PASS,ok,0.017593374999705702,PASS,ok,0.8965480420010863,50.95941182496727,2.2089322919928236,60.0,,,,"A.A. Dobrynin and A.Yu. Vesnin, The Yamada polynomial for graphs, embedded knot-wise into three-dimensional space, Vychisl. Sistemy 155 (1996) 37-86, Theorem 2",Theorem 2,R(Theta(n))(A)=(A^2+A+1+A^-1+A^-2)A^n-(A+A^-1)A^(-2n)-(A^2+1+A^-2)(-1)^n A^(-n),,,,,,,,,PASS,,0,1,-1,PASS,
09928a20a4c8,4,dobrynin_vesnin_theta_validation,Dobrynin-Vesnin Theta(n),dv:theta:12,dv_handcuff,12,Theta(12),,12,handcuff,,,12,,PASS,ok,0.023510290993726812,PASS,ok,0.679149707997567,28.887337386797242,2.053051792012411,60.0,,,,"A.A. Dobrynin and A.Yu. Vesnin, The Yamada polynomial for graphs, embedded knot-wise into three-dimensional space, Vychisl. Sistemy 155 (1996) 37-86, Theorem 2",Theorem 2,R(Theta(n))(A)=(A^2+A+1+A^-1+A^-2)A^n-(A+A^-1)A^(-2n)-(A^2+1+A^-2)(-1)^n A^(-n),,,,,,,,,PASS,,0,1,-1,PASS,
09928a20a4c8,4,dobrynin_vesnin_theta_validation,Dobrynin-Vesnin Theta(n),dv:theta:13,dv_theta,13,Theta(13),,13,theta,,,13,,PASS,ok,0.02131608300260268,PASS,ok,0.6416492499993183,30.101649065683095,1.7794762080011424,60.0,,,,"A.A. Dobrynin and A.Yu. Vesnin, The Yamada polynomial for graphs, embedded knot-wise into three-dimensional space, Vychisl. Sistemy 155 (1996) 37-86, Theorem 2",Theorem 2,R(Theta(n))(A)=(A^2+A+1+A^-1+A^-2)A^n-(A+A^-1)A^(-2n)-(A^2+1+A^-2)(-1)^n A^(-n),,,,,,,,,PASS,,0,1,-1,PASS,
09928a20a4c8,4,dobrynin_vesnin_theta_validation,Dobrynin-Vesnin Theta(n),dv:theta:14,dv_handcuff,14,Theta(14),,14,handcuff,,,14,,PASS,ok,0.02167508300044574,PASS,ok,0.8343635000055656,38.49413171743828,1.952371375009534,60.0,,,,"A.A. Dobrynin and A.Yu. Vesnin, The Yamada polynomial for graphs, embedded knot-wise into three-dimensional space, Vychisl. Sistemy 155 (1996) 37-86, Theorem 2",Theorem 2,R(Theta(n))(A)=(A^2+A+1+A^-1+A^-2)A^n-(A+A^-1)A^(-2n)-(A^2+1+A^-2)(-1)^n A^(-n),,,,,,,,,PASS,,0,1,-1,PASS,
09928a20a4c8,4,dobrynin_vesnin_theta_validation,Dobrynin-Vesnin Theta(n),dv:theta:15,dv_theta,15,Theta(15),,15,theta,,,15,,PASS,ok,0.02294958299899008,PASS,ok,1.0726552919950336,46.73964193781808,2.235460583004169,60.0,,,,"A.A. Dobrynin and A.Yu. Vesnin, The Yamada polynomial for graphs, embedded knot-wise into three-dimensional space, Vychisl. Sistemy 155 (1996) 37-86, Theorem 2",Theorem 2,R(Theta(n))(A)=(A^2+A+1+A^-1+A^-2)A^n-(A+A^-1)A^(-2n)-(A^2+1+A^-2)(-1)^n A^(-n),,,,,,,,,PASS,,0,1,-1,PASS,
09928a20a4c8,4,dobrynin_vesnin_theta_validation,Dobrynin-Vesnin Theta(n),dv:theta:16,dv_handcuff,16,Theta(16),,16,handcuff,,,16,,PASS,ok,0.025271082995459437,PASS,ok,1.0425048339966452,41.252875240208596,2.3464048329915386,60.0,,,,"A.A. Dobrynin and A.Yu. Vesnin, The Yamada polynomial for graphs, embedded knot-wise into three-dimensional space, Vychisl. Sistemy 155 (1996) 37-86, Theorem 2",Theorem 2,R(Theta(n))(A)=(A^2+A+1+A^-1+A^-2)A^n-(A+A^-1)A^(-2n)-(A^2+1+A^-2)(-1)^n A^(-n),,,,,,,,,PASS,,0,1,-1,PASS,
09928a20a4c8,4,dobrynin_vesnin_theta_validation,Dobrynin-Vesnin Theta(n),dv:theta:17,dv_theta,17,Theta(17),,17,theta,,,17,,PASS,ok,0.023951041992404498,FAIL,ok,0.8287112500111107,34.60021698738271,1.9646645829925546,60.0,,,,"A.A. Dobrynin and A.Yu. Vesnin, The Yamada polynomial for graphs, embedded knot-wise into three-dimensional space, Vychisl. Sistemy 155 (1996) 37-86, Theorem 2",Theorem 2,R(Theta(n))(A)=(A^2+A+1+A^-1+A^-2)A^n-(A+A^-1)A^(-2n)-(A^2+1+A^-2)(-1)^n A^(-n),,,,,,,,,PASS,,,,,FAIL,
09928a20a4c8,4,dobrynin_vesnin_theta_validation,Dobrynin-Vesnin Theta(n),dv:theta:18,dv_handcuff,18,Theta(18),,18,handcuff,,,18,,PASS,ok,0.0271950000023935,ERROR,error,0.5941470410034526,,1.7073063329880824,60.0,,,ValueError: Adding unsupported type.,"A.A. Dobrynin and A.Yu. Vesnin, The Yamada polynomial for graphs, embedded knot-wise into three-dimensional space, Vychisl. Sistemy 155 (1996) 37-86, Theorem 2",Theorem 2,R(Theta(n))(A)=(A^2+A+1+A^-1+A^-2)A^n-(A+A^-1)A^(-2n)-(A^2+1+A^-2)(-1)^n A^(-n),,,,,,,,,PASS,,,,,ERROR,
09928a20a4c8,4,dobrynin_vesnin_theta_validation,Dobrynin-Vesnin Theta(n),dv:theta:19,dv_theta,19,Theta(19),,19,theta,,,19,,PASS,ok,0.0269679999910295,ERROR,error,0.5489718750031898,,1.6704132079903502,60.0,,,ValueError: Adding unsupported type.,"A.A. Dobrynin and A.Yu. Vesnin, The Yamada polynomial for graphs, embedded knot-wise into three-dimensional space, Vychisl. Sistemy 155 (1996) 37-86, Theorem 2",Theorem 2,R(Theta(n))(A)=(A^2+A+1+A^-1+A^-2)A^n-(A+A^-1)A^(-2n)-(A^2+1+A^-2)(-1)^n A^(-n),,,,,,,,,PASS,,,,,ERROR,
09928a20a4c8,4,dobrynin_vesnin_theta_validation,Dobrynin-Vesnin Theta(n),dv:theta:20,dv_handcuff,20,Theta(20),,20,handcuff,,,20,,PASS,ok,0.03132541698869318,ERROR,error,0.6062927909952123,,1.8318487500073388,60.0,,,ValueError: Adding unsupported type.,"A.A. Dobrynin and A.Yu. Vesnin, The Yamada polynomial for graphs, embedded knot-wise into three-dimensional space, Vychisl. Sistemy 155 (1996) 37-86, Theorem 2",Theorem 2,R(Theta(n))(A)=(A^2+A+1+A^-1+A^-2)A^n-(A+A^-1)A^(-2n)-(A^2+1+A^-2)(-1)^n A^(-n),,,,,,,,,PASS,,,,,ERROR,
ed26c6f332ff,4,li_lei_li_vesnin_edge_replacement_validation,Li-Lei-Li-Vesnin edge replacement,lllv:cycle:C3_edge_loop_bead_theta_bead,cycle,3,C3_edge_loop_bead_theta_bead,cycle,,,7,10,0,0,PASS,ok,0.01548891598940827,PASS,ok,0.6036509169935016,38.97309000877105,1.7148319999978412,60.0,,,,"M. Li, F. Lei, F. Li, and A. Vesnin, On Yamada polynomial of spatial graphs obtained by edge replacements, arXiv:1801.09075, Theorem 5.1",Theorem 5.1,,"[""edge"", ""loop_bead"", ""theta_bead""]",cc1e4f0fee8e4cc1,d5adf5d14b3f8768b82c47721b82c008cc7762649a721e8f920b3719764328b1,77dec152e6ff0bfc6675cafe382e6db064fe93481b0514fc20d6b4a9c39ef1be,PASS,"[0, 0, 0]","[0, 0, 0]",0,,PASS,0,1,1,,PASS
ed26c6f332ff,4,li_lei_li_vesnin_edge_replacement_validation,Li-Lei-Li-Vesnin edge replacement,lllv:cycle:C4_edge_loop_bead_theta_bead,cycle,4,C4_edge_loop_bead_theta_bead,cycle,,,8,11,0,0,PASS,ok,0.01474854099797085,ERROR,error,0.55324816700886,,1.643678042004467,60.0,,,"TopolyRareGraphException: Rare exception in in graph.py:324: beg!=end: 1!=-1 arc: [0], graph: {0: [], 1: [[-1, [0]]]}","M. Li, F. Lei, F. Li, and A. Vesnin, On Yamada polynomial of spatial graphs obtained by edge replacements, arXiv:1801.09075, Theorem 5.1",Theorem 5.1,,"[""edge"", ""loop_bead"", ""theta_bead"", ""edge""]",69491d9fb56105c3,c0f440706c97a65cebc72e71921190e681dab4b98974ae1f6337602b34e65308,2e1dfccba016e7c8bf358a273f79a6e1c8a96a585446547ef085c6d4a743fee9,PASS,"[0, 0, 0, 0]","[0, 0, 0, 0]",0,,PASS,,,,,ERROR
ed26c6f332ff,4,li_lei_li_vesnin_edge_replacement_validation,Li-Lei-Li-Vesnin edge replacement,lllv:cycle:C5_edge_loop_bead_theta_bead,cycle,5,C5_edge_loop_bead_theta_bead,cycle,,,11,15,0,0,PASS,ok,0.014918375003617257,ERROR,error,0.5801420839998173,,1.6651455829996848,60.0,,,"TopolyRareGraphException: Rare exception in in graph.py:324: beg!=end: 2!=-1 arc: [0], graph: {0: [], 1: [], 2: [[-1, [0]]]}","M. Li, F. Lei, F. Li, and A. Vesnin, On Yamada polynomial of spatial graphs obtained by edge replacements, arXiv:1801.09075, Theorem 5.1",Theorem 5.1,,"[""edge"", ""loop_bead"", ""theta_bead"", ""edge"", ""loop_bead""]",e78799a16f9f55a1,8cb8cc4261c8037bd30477df8446a2e02664155263e3b0db086a6869b924ece1,c0f95ed73af9a85809a2c1b7eb6d5e964ef9eca449e2a04ca247513675c22286,PASS,"[0, 0, 0, 0, 0]","[0, 0, 0, 0, 0]",0,,PASS,,,,,ERROR
ed26c6f332ff,4,li_lei_li_vesnin_edge_replacement_validation,Li-Lei-Li-Vesnin edge replacement,lllv:cycle:C6_edge_loop_bead_theta_bead,cycle,6,C6_edge_loop_bead_theta_bead,cycle,,,14,20,0,0,PASS,ok,0.015760875001433305,PASS,ok,0.547957624992705,34.76695455949453,1.6550987079972401,60.0,,,,"M. Li, F. Lei, F. Li, and A. Vesnin, On Yamada polynomial of spatial graphs obtained by edge replacements, arXiv:1801.09075, Theorem 5.1",Theorem 5.1,,"[""edge"", ""loop_bead"", ""theta_bead"", ""edge"", ""loop_bead"", ""theta_bead""]",c2187607c79b6dbe,198b6c0d59cdaabd1ee573589a72184a3e32fe8b67f57e1431c1830a4d16778d,8fa523c0a258cc7a8ec821e055e46268684ce458240a1991f87d30a9a761f694,PASS,"[0, 0, 0, 0, 0, 0]","[0, 0, 0, 0, 0, 0]",0,,PASS,0,1,1,,PASS
ed26c6f332ff,4,li_lei_li_vesnin_edge_replacement_validation,Li-Lei-Li-Vesnin edge replacement,lllv:cycle:C7_edge_loop_bead_theta_bead,cycle,7,C7_edge_loop_bead_theta_bead,cycle,,,15,21,0,0,PASS,ok,0.015879541999311186,ERROR,error,0.5843642079998972,,1.6732505410036538,60.0,,,"TopolyRareGraphException: Rare exception in in graph.py:324: beg!=end: 4!=-1 arc: [0], graph: {0: [], 1: [], 2: [], 3: [], 4: [[-1, [0]]]}","M. Li, F. Lei, F. Li, and A. Vesnin, On Yamada polynomial of spatial graphs obtained by edge replacements, arXiv:1801.09075, Theorem 5.1",Theorem 5.1,,"[""edge"", ""loop_bead"", ""theta_bead"", ""edge"", ""loop_bead"", ""theta_bead"", ""edge""]",f84dfb5c1507a8bb,763d4f92ea41a00b5adc2ad44bf0919bc3ebbd9d5040214755c8f4b9fd0c341f,99bfe91ca216032b09f3c2ac7b18292bf3ea596f0338e2dd3295c7f9155b3257,PASS,"[0, 0, 0, 0, 0, 0, 0]","[0, 0, 0, 0, 0, 0, 0]",0,,PASS,,,,,ERROR
ed26c6f332ff,4,li_lei_li_vesnin_edge_replacement_validation,Li-Lei-Li-Vesnin edge replacement,lllv:cycle:C8_edge_loop_bead_theta_bead,cycle,8,C8_edge_loop_bead_theta_bead,cycle,,,18,25,0,0,PASS,ok,0.017646667009103112,ERROR,error,0.5838880840019556,,1.716164540994214,60.0,,,"TopolyRareGraphException: Rare exception in in graph.py:324: beg!=end: 5!=-1 arc: [0], graph: {0: [], 1: [], 2: [], 3: [], 4: [], 5: [[-1, [0]]]}","M. Li, F. Lei, F. Li, and A. Vesnin, On Yamada polynomial of spatial graphs obtained by edge replacements, arXiv:1801.09075, Theorem 5.1",Theorem 5.1,,"[""edge"", ""loop_bead"", ""theta_bead"", ""edge"", ""loop_bead"", ""theta_bead"", ""edge"", ""loop_bead""]",5c7843e25c6c3f8a,e8c4852d31b70c8525e778be65be187e88c5a96154e994303b02d1dae90f03cb,415aaf2c21121739d069c166fe4828720a9d7d121466c402afaadd121cd4c754,PASS,"[0, 0, 0, 0, 0, 0, 0, 0]","[0, 0, 0, 0, 0, 0, 0, 0]",0,,PASS,,,,,ERROR
ed26c6f332ff,4,li_lei_li_vesnin_edge_replacement_validation,Li-Lei-Li-Vesnin edge replacement,lllv:cycle:C9_edge_loop_bead_theta_bead,cycle,9,C9_edge_loop_bead_theta_bead,cycle,,,21,30,0,0,PASS,ok,0.01691416700487025,PASS,ok,0.5721811669936869,33.82851587245967,1.746432542000548,60.0,,,,"M. Li, F. Lei, F. Li, and A. Vesnin, On Yamada polynomial of spatial graphs obtained by edge replacements, arXiv:1801.09075, Theorem 5.1",Theorem 5.1,,"[""edge"", ""loop_bead"", ""theta_bead"", ""edge"", ""loop_bead"", ""theta_bead"", ""edge"", ""loop_bead"", ""theta_bead""]",6f978e1651e9460f,5099924e5c47b875968e0b843b0f5e7c49108d8dd26c2aea72a86474d8bb6fa7,2627e21cdb5560248b2c65bf30f800e3ea6a4976dd47d780f080ddd8ce100633,PASS,"[0, 0, 0, 0, 0, 0, 0, 0, 0]","[0, 0, 0, 0, 0, 0, 0, 0, 0]",0,,PASS,0,1,1,,PASS
ed26c6f332ff,4,li_lei_li_vesnin_edge_replacement_validation,Li-Lei-Li-Vesnin edge replacement,lllv:cycle:C10_edge_loop_bead_theta_bead,cycle,10,C10_edge_loop_bead_theta_bead,cycle,,,22,31,0,0,PASS,ok,0.01727687500533648,ERROR,error,0.5811070420022588,,1.6760520410025492,60.0,,,"TopolyRareGraphException: Rare exception in in graph.py:324: beg!=end: 7!=-1 arc: [0], graph: {0: [], 1: [], 2: [], 3: [], 4: [], 5: [], 6: [], 7: [[-1, [0]]]}","M. Li, F. Lei, F. Li, and A. Vesnin, On Yamada polynomial of spatial graphs obtained by edge replacements, arXiv:1801.09075, Theorem 5.1",Theorem 5.1,,"[""edge"", ""loop_bead"", ""theta_bead"", ""edge"", ""loop_bead"", ""theta_bead"", ""edge"", ""loop_bead"", ""theta_bead"", ""edge""]",5e05ee2f50fe77d3,793a32c412793b8ce60b735b9d39595a840c699319fe9cf78baa2c8bcb11810c,339b653c6d4c82396d0deaede48a714baa12cbd3378ad10b92a311b9dd56d7ab,PASS,"[0, 0, 0, 0, 0, 0, 0, 0, 0, 0]","[0, 0, 0, 0, 0, 0, 0, 0, 0, 0]",0,,PASS,,,,,ERROR
ed26c6f332ff,4,li_lei_li_vesnin_edge_replacement_validation,Li-Lei-Li-Vesnin edge replacement,lllv:cycle:C11_edge_loop_bead_theta_bead,cycle,11,C11_edge_loop_bead_theta_bead,cycle,,,25,35,0,0,PASS,ok,0.01817433300311677,ERROR,error,0.5541557910037227,,1.7670292090042494,60.0,,,"TopolyRareGraphException: Rare exception in in graph.py:324: beg!=end: 8!=-1 arc: [0], graph: {0: [], 1: [], 2: [], 3: [], 4: [], 5: [], 6: [], 7: [], 8: [[-1, [0]]]}","M. Li, F. Lei, F. Li, and A. Vesnin, On Yamada polynomial of spatial graphs obtained by edge replacements, arXiv:1801.09075, Theorem 5.1",Theorem 5.1,,"[""edge"", ""loop_bead"", ""theta_bead"", ""edge"", ""loop_bead"", ""theta_bead"", ""edge"", ""loop_bead"", ""theta_bead"", ""edge"", ""loop_bead""]",a39360eaef8fbf77,0ab95004d4dcaeaa6075a8b59a7e9fcdecacc5de7d2d485351b4e33307979c72,48577f7aef6a84b390a7c87cb75bd68f11acf4a34c112c1d087fa856ea0e23c0,PASS,"[0, 0, 0, 0, 0, 0, 0, 0, 0, 0, 0]","[0, 0, 0, 0, 0, 0, 0, 0, 0, 0, 0]",0,,PASS,,,,,ERROR
ed26c6f332ff,4,li_lei_li_vesnin_edge_replacement_validation,Li-Lei-Li-Vesnin edge replacement,lllv:cycle:C12_edge_loop_bead_theta_bead,cycle,12,C12_edge_loop_bead_theta_bead,cycle,,,28,40,0,0,PASS,ok,0.018431499993312173,PASS,ok,0.7057447089900961,38.29013966558196,2.023801082992577,60.0,,,,"M. Li, F. Lei, F. Li, and A. Vesnin, On Yamada polynomial of spatial graphs obtained by edge replacements, arXiv:1801.09075, Theorem 5.1",Theorem 5.1,,"[""edge"", ""loop_bead"", ""theta_bead"", ""edge"", ""loop_bead"", ""theta_bead"", ""edge"", ""loop_bead"", ""theta_bead"", ""edge"", ""loop_bead"", ""theta_bead""]",13412eba6ebd5e15,7ef01134d82cfee690690e7b6abbf22d00524b4a2aeb4326918402e6d5fe5ac2,a9af0f5ec7673d00e43118160e8459c308d2968d1e5c492de3ead5ece1a966b7,PASS,"[0, 0, 0, 0, 0, 0, 0, 0, 0, 0, 0, 0]","[0, 0, 0, 0, 0, 0, 0, 0, 0, 0, 0, 0]",0,,PASS,0,1,1,,PASS
ed26c6f332ff,4,li_lei_li_vesnin_edge_replacement_validation,Li-Lei-Li-Vesnin edge replacement,lllv:cycle:C13_edge_loop_bead_theta_bead,cycle,13,C13_edge_loop_bead_theta_bead,cycle,,,29,41,0,0,PASS,ok,0.018336374996579252,ERROR,error,0.5834406249923632,,1.6851364999893121,60.0,,,"TopolyRareGraphException: Rare exception in in graph.py:324: beg!=end: 10!=-1 arc: [0], graph: {0: [], 1: [], 2: [], 3: [], 4: [], 5: [], 6: [], 7: [], 8: [], 9: [], 10: [[-1, [0]]]}","M. Li, F. Lei, F. Li, and A. Vesnin, On Yamada polynomial of spatial graphs obtained by edge replacements, arXiv:1801.09075, Theorem 5.1",Theorem 5.1,,"[""edge"", ""loop_bead"", ""theta_bead"", ""edge"", ""loop_bead"", ""theta_bead"", ""edge"", ""loop_bead"", ""theta_bead"", ""edge"", ""loop_bead"", ""theta_bead"", ""edge""]",703f48e99f4f5957,77f28865cc72489532fc5294128712ea02d661cd804c8cecae1f8beaf17a1fea,a0ecbbe2401a8068f9797d7a9e732a3b3be7389a414cca2c1500bce7d4531a75,PASS,"[0, 0, 0, 0, 0, 0, 0, 0, 0, 0, 0, 0, 0]","[0, 0, 0, 0, 0, 0, 0, 0, 0, 0, 0, 0, 0]",0,,PASS,,,,,ERROR
ed26c6f332ff,4,li_lei_li_vesnin_edge_replacement_validation,Li-Lei-Li-Vesnin edge replacement,lllv:theta:Theta3_edge_loop_bead_theta_bead,theta,3,Theta3_edge_loop_bead_theta_bead,theta,,,6,10,0,0,PASS,ok,0.05328233299951535,PASS,ok,0.599221333002788,11.246154199145868,1.6877509170008125,60.0,,,,"M. Li, F. Lei, F. Li, and A. Vesnin, On Yamada polynomial of spatial graphs obtained by edge replacements, arXiv:1801.09075, Theorem 5.1",Theorem 5.1,,"[""edge"", ""loop_bead"", ""theta_bead""]",e6367623ce2f88da,f1b6f5a650a0637183b9acaf863c10a74f686e009f992e6d5bffa7139de2b07d,8f44480505436dacfec847643e6bd5e097a7e7ed400e7086e7963a7281698aed,PASS,"[0, 0, 0]","[0, 0, 0]",0,,PASS,0,1,1,,PASS
ed26c6f332ff,4,li_lei_li_vesnin_edge_replacement_validation,Li-Lei-Li-Vesnin edge replacement,lllv:theta:Theta4_edge_loop_bead_theta_bead,theta,4,Theta4_edge_loop_bead_theta_bead,theta,,,6,11,0,0,PASS,ok,0.015355333001934923,PASS,ok,0.5504710829991382,35.84885348496014,1.6549234999984037,60.0,,,,"M. Li, F. Lei, F. Li, and A. Vesnin, On Yamada polynomial of spatial graphs obtained by edge replacements, arXiv:1801.09075, Theorem 5.1",Theorem 5.1,,"[""edge"", ""loop_bead"", ""theta_bead"", ""edge""]",e8116129eaceebe2,d2607ef87f8bb989ffb861b23df7b41958cae9d7cb90e673a11852b6bdd0642b,80b4335e07e37489d9ba89332eda789a6397aa63937e637d2bf888d2e1a847c4,PASS,"[0, 0, 0, 0]","[0, 0, 0, 0]",0,,PASS,0,1,1,,PASS
ed26c6f332ff,4,li_lei_li_vesnin_edge_replacement_validation,Li-Lei-Li-Vesnin edge replacement,lllv:theta:Theta5_edge_loop_bead_theta_bead,theta,5,Theta5_edge_loop_bead_theta_bead,theta,,,8,15,0,0,PASS,ok,0.016660916997352615,PASS,ok,0.6565637500025332,39.407419778086634,1.8291185410053004,60.0,,,,"M. Li, F. Lei, F. Li, and A. Vesnin, On Yamada polynomial of spatial graphs obtained by edge replacements, arXiv:1801.09075, Theorem 5.1",Theorem 5.1,,"[""edge"", ""loop_bead"", ""theta_bead"", ""edge"", ""loop_bead""]",edd3aedcdcdc795a,9270244c8e15bb1171b839524e556cbf45d41d0cdef59a9ca8edb7c77f2e638d,fc8ba7124be5fa178360c2d7e97f8eaa04ee742cb4a6e12d484db83712341857,PASS,"[0, 0, 0, 0, 0]","[0, 0, 0, 0, 0]",0,,PASS,0,1,1,,PASS
ed26c6f332ff,4,li_lei_li_vesnin_edge_replacement_validation,Li-Lei-Li-Vesnin edge replacement,lllv:theta:Theta6_edge_loop_bead_theta_bead,theta,6,Theta6_edge_loop_bead_theta_bead,theta,,,10,20,0,0,PASS,ok,0.019199583010049537,PASS,ok,0.7283140420040581,37.93384687692647,2.1400568340031896,60.0,,,,"M. Li, F. Lei, F. Li, and A. Vesnin, On Yamada polynomial of spatial graphs obtained by edge replacements, arXiv:1801.09075, Theorem 5.1",Theorem 5.1,,"[""edge"", ""loop_bead"", ""theta_bead"", ""edge"", ""loop_bead"", ""theta_bead""]",1e9377f057c54ea3,0d2b3f292e36014c8a749edd11e5a2d3f5ac0c21f419cd1975cdd54bb652e19f,05d8bb7e90ff39f5a54e569c62fa967a4b5476f792bb52d75193e9905a45047c,PASS,"[0, 0, 0, 0, 0, 0]","[0, 0, 0, 0, 0, 0]",0,,PASS,0,1,1,,PASS
ed26c6f332ff,4,li_lei_li_vesnin_edge_replacement_validation,Li-Lei-Li-Vesnin edge replacement,lllv:theta:Theta7_edge_loop_bead_theta_bead,theta,7,Theta7_edge_loop_bead_theta_bead,theta,,,10,21,0,0,PASS,ok,0.0180652499984717,PASS,ok,0.7149997090018587,39.578733151345645,1.9984613330016145,60.0,,,,"M. Li, F. Lei, F. Li, and A. Vesnin, On Yamada polynomial of spatial graphs obtained by edge replacements, arXiv:1801.09075, Theorem 5.1",Theorem 5.1,,"[""edge"", ""loop_bead"", ""theta_bead"", ""edge"", ""loop_bead"", ""theta_bead"", ""edge""]",4eb0efdc00fca514,7dda44ba5670ec8a30b185827688b414524c16a1d7dce804b7a5738c278a78de,d3c56fa6a44856fde774069780e5a83bbff9acf3d4bbbbb291737391cbb6e079,PASS,"[0, 0, 0, 0, 0, 0, 0]","[0, 0, 0, 0, 0, 0, 0]",0,,PASS,0,1,1,,PASS
ed26c6f332ff,4,li_lei_li_vesnin_edge_replacement_validation,Li-Lei-Li-Vesnin edge replacement,lllv:theta:Theta8_edge_loop_bead_theta_bead,theta,8,Theta8_edge_loop_bead_theta_bead,theta,,,12,25,0,0,PASS,ok,0.018501624988857657,PASS,ok,0.7777248330094153,42.035487881620625,2.243512457993347,60.0,,,,"M. Li, F. Lei, F. Li, and A. Vesnin, On Yamada polynomial of spatial graphs obtained by edge replacements, arXiv:1801.09075, Theorem 5.1",Theorem 5.1,,"[""edge"", ""loop_bead"", ""theta_bead"", ""edge"", ""loop_bead"", ""theta_bead"", ""edge"", ""loop_bead""]",44aca51ae7ffe904,03fe3d4c816b6d43f9d71af58069d84b62aad6bf4d05b126d8489a1842e92a69,47c88138eef526f2f8744ae4886d3aa5db960d121d6f35f7ee9f994cbc02b353,PASS,"[0, 0, 0, 0, 0, 0, 0, 0]","[0, 0, 0, 0, 0, 0, 0, 0]",0,,PASS,0,1,1,,PASS
ed26c6f332ff,4,li_lei_li_vesnin_edge_replacement_validation,Li-Lei-Li-Vesnin edge replacement,lllv:theta:Theta9_edge_loop_bead_theta_bead,theta,9,Theta9_edge_loop_bead_theta_bead,theta,,,14,30,0,0,PASS,ok,0.019596375001128763,PASS,ok,2.032602457999019,103.72339057003859,4.164680792004219,60.0,,,,"M. Li, F. Lei, F. Li, and A. Vesnin, On Yamada polynomial of spatial graphs obtained by edge replacements, arXiv:1801.09075, Theorem 5.1",Theorem 5.1,,"[""edge"", ""loop_bead"", ""theta_bead"", ""edge"", ""loop_bead"", ""theta_bead"", ""edge"", ""loop_bead"", ""theta_bead""]",27ff9d91a4903684,1fdb61863501707b143768090978ec9de34fc1915092446256ac898ee72acd66,0ff411ddd63cf959d3025875f651896590f647397375dda8cc22e0d3c59a9e0f,PASS,"[0, 0, 0, 0, 0, 0, 0, 0, 0]","[0, 0, 0, 0, 0, 0, 0, 0, 0]",0,,PASS,0,1,1,,PASS
ed26c6f332ff,4,li_lei_li_vesnin_edge_replacement_validation,Li-Lei-Li-Vesnin edge replacement,lllv:theta:Theta10_edge_loop_bead_theta_bead,theta,10,Theta10_edge_loop_bead_theta_bead,theta,,,14,31,0,0,PASS,ok,0.020066457989742048,PASS,ok,2.212510042008944,110.25912212010593,4.576176667003892,60.0,,,,"M. Li, F. Lei, F. Li, and A. Vesnin, On Yamada polynomial of spatial graphs obtained by edge replacements, arXiv:1801.09075, Theorem 5.1",Theorem 5.1,,"[""edge"", ""loop_bead"", ""theta_bead"", ""edge"", ""loop_bead"", ""theta_bead"", ""edge"", ""loop_bead"", ""theta_bead"", ""edge""]",ee80ae6fae28cb42,4aef169c2f536742c728e4175bf7a868bbbff95d41dd0bc55d68ca428a940ca4,5acffca4b24e84c65e0d7234e65aaf479b29de15048ec7e6545b380a8bc90f26,PASS,"[0, 0, 0, 0, 0, 0, 0, 0, 0, 0]","[0, 0, 0, 0, 0, 0, 0, 0, 0, 0]",0,,PASS,0,1,1,,PASS
ed26c6f332ff,4,li_lei_li_vesnin_edge_replacement_validation,Li-Lei-Li-Vesnin edge replacement,lllv:theta:Theta11_edge_loop_bead_theta_bead,theta,11,Theta11_edge_loop_bead_theta_bead,theta,,,16,35,0,0,PASS,ok,0.020540875004371628,PASS,ok,3.1660804169951007,154.135615757424,6.628789832990151,60.0,,,,"M. Li, F. Lei, F. Li, and A. Vesnin, On Yamada polynomial of spatial graphs obtained by edge replacements, arXiv:1801.09075, Theorem 5.1",Theorem 5.1,,"[""edge"", ""loop_bead"", ""theta_bead"", ""edge"", ""loop_bead"", ""theta_bead"", ""edge"", ""loop_bead"", ""theta_bead"", ""edge"", ""loop_bead""]",39daeb0630e25bd7,3f7e054a4aaddd9006fe8f821f11bc8ca0e679ab37b53de00d63fa2f46b9b38a,1387249bbd426934c212b9f2d244b7d32831d4e022900e3c076d69bd03cf79fc,PASS,"[0, 0, 0, 0, 0, 0, 0, 0, 0, 0, 0]","[0, 0, 0, 0, 0, 0, 0, 0, 0, 0, 0]",0,,PASS,0,1,1,,PASS
ed26c6f332ff,4,li_lei_li_vesnin_edge_replacement_validation,Li-Lei-Li-Vesnin edge replacement,lllv:theta:Theta12_edge_loop_bead_theta_bead,theta,12,Theta12_edge_loop_bead_theta_bead,theta,,,18,40,0,0,PASS,ok,0.021276624989695847,PASS,ok,19.274638292001327,905.9067545410012,26.07748675000039,60.0,,,,"M. Li, F. Lei, F. Li, and A. Vesnin, On Yamada polynomial of spatial graphs obtained by edge replacements, arXiv:1801.09075, Theorem 5.1",Theorem 5.1,,"[""edge"", ""loop_bead"", ""theta_bead"", ""edge"", ""loop_bead"", ""theta_bead"", ""edge"", ""loop_bead"", ""theta_bead"", ""edge"", ""loop_bead"", ""theta_bead""]",771dc771e4c90063,0e297e070a52a6e3a9c1bc65b03a7731c2c6767414ee3b5486917b3aba7ad476,39b572ed976fb33471fe6fff594d6d5c0a50c1b560682e540ee18d3847bdc658,PASS,"[0, 0, 0, 0, 0, 0, 0, 0, 0, 0, 0, 0]","[0, 0, 0, 0, 0, 0, 0, 0, 0, 0, 0, 0]",0,,PASS,0,1,1,,PASS
ed26c6f332ff,4,li_lei_li_vesnin_edge_replacement_validation,Li-Lei-Li-Vesnin edge replacement,lllv:theta:Theta13_edge_loop_bead_theta_bead,theta,13,Theta13_edge_loop_bead_theta_bead,theta,,,18,41,0,0,PASS,ok,0.022561542005860247,PASS,ok,20.254947416993673,897.7643199978331,28.04787454100733,60.0,,,,"M. Li, F. Lei, F. Li, and A. Vesnin, On Yamada polynomial of spatial graphs obtained by edge replacements, arXiv:1801.09075, Theorem 5.1",Theorem 5.1,,"[""edge"", ""loop_bead"", ""theta_bead"", ""edge"", ""loop_bead"", ""theta_bead"", ""edge"", ""loop_bead"", ""theta_bead"", ""edge"", ""loop_bead"", ""theta_bead"", ""edge""]",06efa850fc823770,bcf2e5b62a12b72768bb303b95a89d4d42218825908d5d013fc99979f7d71ffe,4fd91db6011f6b44f4ca31ed8d58d1532278703ba509213680929f1613cc47de,PASS,"[0, 0, 0, 0, 0, 0, 0, 0, 0, 0, 0, 0, 0]","[0, 0, 0, 0, 0, 0, 0, 0, 0, 0, 0, 0, 0]",0,,PASS,0,1,1,,PASS
ed26c6f332ff,4,li_lei_li_vesnin_edge_replacement_validation,Li-Lei-Li-Vesnin edge replacement,lllv:bouquet:B3_edge,bouquet,3,B3_edge,bouquet,,,1,3,0,0,PASS,ok,0.013075124996248633,PASS,ok,0.5411686250008643,41.38917411161501,1.623814916005358,60.0,,,,"M. Li, F. Lei, F. Li, and A. Vesnin, On Yamada polynomial of spatial graphs obtained by edge replacements, arXiv:1801.09075, Theorem 5.1",Theorem 5.1,,"[""edge"", ""edge"", ""edge""]",79a66709bd4178d1,32c096cf74d718bc09685dd430dbaf20a179fdb37ba42f6004c834d83d251d09,8e683fd4ed461fcb47f6fd2db7b86f459505e2f3685f19ab4ef6324e5d7cdebd,PASS,"[0, 0, 0]","[0, 0, 0]",0,,PASS,0,1,1,,PASS
ed26c6f332ff,4,li_lei_li_vesnin_edge_replacement_validation,Li-Lei-Li-Vesnin edge replacement,lllv:bouquet:B4_edge,bouquet,4,B4_edge,bouquet,,,1,4,0,0,PASS,ok,0.015061666999827139,PASS,ok,0.5688606249896111,37.76876922030874,1.7088799170014681,60.0,,,,"M. Li, F. Lei, F. Li, and A. Vesnin, On Yamada polynomial of spatial graphs obtained by edge replacements, arXiv:1801.09075, Theorem 5.1",Theorem 5.1,,"[""edge"", ""edge"", ""edge"", ""edge""]",a611b3fe7747b2e4,970c7bb63b392b7923600c7f7eca83a606ae40d79a271b2a79f0b76ee567259a,81a33c3c180f3fd2d208d7e0fe74224e559ff160a898123cd1cb9bc8aa7a66a9,PASS,"[0, 0, 0, 0]","[0, 0, 0, 0]",0,,PASS,0,1,1,,PASS
ed26c6f332ff,4,li_lei_li_vesnin_edge_replacement_validation,Li-Lei-Li-Vesnin edge replacement,lllv:bouquet:B5_edge,bouquet,5,B5_edge,bouquet,,,1,5,0,0,PASS,ok,0.015322124992962927,PASS,ok,0.6003179999970598,39.17981352278297,1.7184503329917789,60.0,,,,"M. Li, F. Lei, F. Li, and A. Vesnin, On Yamada polynomial of spatial graphs obtained by edge replacements, arXiv:1801.09075, Theorem 5.1",Theorem 5.1,,"[""edge"", ""edge"", ""edge"", ""edge"", ""edge""]",8acbcf1988bcd7a6,840b53c5947d1b10ff9d10fdf246e8380d2433db87b8e7e998cc509279f807a7,2dccdfdee2bf40739bf4a6e075662dbe3e8e5dab15b7c4c3cbe3e5af804df744,PASS,"[0, 0, 0, 0, 0]","[0, 0, 0, 0, 0]",0,,PASS,0,1,1,,PASS
ed26c6f332ff,4,li_lei_li_vesnin_edge_replacement_validation,Li-Lei-Li-Vesnin edge replacement,lllv:bouquet:B6_edge,bouquet,6,B6_edge,bouquet,,,1,6,0,0,PASS,ok,0.015816208004252985,PASS,ok,0.5508791659958661,34.83004054117993,1.6483326250017853,60.0,,,,"M. Li, F. Lei, F. Li, and A. Vesnin, On Yamada polynomial of spatial graphs obtained by edge replacements, arXiv:1801.09075, Theorem 5.1",Theorem 5.1,,"[""edge"", ""edge"", ""edge"", ""edge"", ""edge"", ""edge""]",2923713f3ad3bfe3,89548bedfd9c3bde0ecad8648a9c5d7754930b0fefc4c22e11fa02bc172be75b,9892cf701dfb5e65400ebc8f146eb8757da4c7dc8f0184a1de90092389c4b03a,PASS,"[0, 0, 0, 0, 0, 0]","[0, 0, 0, 0, 0, 0]",0,,PASS,0,1,1,,PASS
ed26c6f332ff,4,li_lei_li_vesnin_edge_replacement_validation,Li-Lei-Li-Vesnin edge replacement,lllv:bouquet:B7_edge,bouquet,7,B7_edge,bouquet,,,1,7,0,0,PASS,ok,0.016006416000891477,PASS,ok,0.5950530840054853,37.17591020827797,1.6918550839909585,60.0,,,,"M. Li, F. Lei, F. Li, and A. Vesnin, On Yamada polynomial of spatial graphs obtained by edge replacements, arXiv:1801.09075, Theorem 5.1",Theorem 5.1,,"[""edge"", ""edge"", ""edge"", ""edge"", ""edge"", ""edge"", ""edge""]",84eb17daf05a75c8,a9d9fafb0be5c9ed1e68ae879217c2ad73016385d7bc2f9d5c2276e2996cd678,dcf4a1cf4da3632d0f116f3b2a405dcb6e1c04cbb3c786c10325c523cd2ac039,PASS,"[0, 0, 0, 0, 0, 0, 0]","[0, 0, 0, 0, 0, 0, 0]",0,,PASS,0,1,1,,PASS
ed26c6f332ff,4,li_lei_li_vesnin_edge_replacement_validation,Li-Lei-Li-Vesnin edge replacement,lllv:bouquet:B8_edge,bouquet,8,B8_edge,bouquet,,,1,8,0,0,PASS,ok,0.016063667004345916,PASS,ok,0.5600028330081841,34.86145678048973,1.655475750012556,60.0,,,,"M. Li, F. Lei, F. Li, and A. Vesnin, On Yamada polynomial of spatial graphs obtained by edge replacements, arXiv:1801.09075, Theorem 5.1",Theorem 5.1,,"[""edge"", ""edge"", ""edge"", ""edge"", ""edge"", ""edge"", ""edge"", ""edge""]",ead0d47abfa82da7,a4c7b9a761e6a2c1fba2214e240676aabd1fa70948bbcf8c9d29c3bc296aa3ed,aec0574d9537409980583c8904c285bd34a293ea05ba82af5cc9f4202b432044,PASS,"[0, 0, 0, 0, 0, 0, 0, 0]","[0, 0, 0, 0, 0, 0, 0, 0]",0,,PASS,0,1,1,,PASS
ed26c6f332ff,4,li_lei_li_vesnin_edge_replacement_validation,Li-Lei-Li-Vesnin edge replacement,lllv:bouquet:B9_edge,bouquet,9,B9_edge,bouquet,,,1,9,0,0,PASS,ok,0.01682312499906402,PASS,ok,0.6960501669964287,41.374605909137244,1.8970400410034927,60.0,,,,"M. Li, F. Lei, F. Li, and A. Vesnin, On Yamada polynomial of spatial graphs obtained by edge replacements, arXiv:1801.09075, Theorem 5.1",Theorem 5.1,,"[""edge"", ""edge"", ""edge"", ""edge"", ""edge"", ""edge"", ""edge"", ""edge"", ""edge""]",728f1dfd7f503daf,079c966f10da276972f9778cb83bcf56c1d48761d6fd3be411490fd294734d48,5412e78a51cac52d4fa818ddd46800b3dc34cf1d7a7a91d90688458dc6700f43,PASS,"[0, 0, 0, 0, 0, 0, 0, 0, 0]","[0, 0, 0, 0, 0, 0, 0, 0, 0]",0,,PASS,0,1,1,,PASS
ed26c6f332ff,4,li_lei_li_vesnin_edge_replacement_validation,Li-Lei-Li-Vesnin edge replacement,lllv:bouquet:B10_edge,bouquet,10,B10_edge,bouquet,,,1,10,0,0,PASS,ok,0.01905537499987986,PASS,ok,0.6214508749981178,32.612891375899764,1.79713316699781,60.0,,,,"M. Li, F. Lei, F. Li, and A. Vesnin, On Yamada polynomial of spatial graphs obtained by edge replacements, arXiv:1801.09075, Theorem 5.1",Theorem 5.1,,"[""edge"", ""edge"", ""edge"", ""edge"", ""edge"", ""edge"", ""edge"", ""edge"", ""edge"", ""edge""]",c719a6b5d85b8a59,8c0b12e173ffdc2111adb1cc81de668876f5476ceac71721ce07a1ac515c76d0,1f2264eacd2c24d9fc39597e908a2defef499741aa6c0a1b52cd6c30853aa06c,PASS,"[0, 0, 0, 0, 0, 0, 0, 0, 0, 0]","[0, 0, 0, 0, 0, 0, 0, 0, 0, 0]",0,,PASS,0,1,1,,PASS
ed26c6f332ff,4,li_lei_li_vesnin_edge_replacement_validation,Li-Lei-Li-Vesnin edge replacement,lllv:bouquet:B11_edge,bouquet,11,B11_edge,bouquet,,,1,11,0,0,PASS,ok,0.01798899999994319,PASS,ok,0.5565095419879071,30.936102172975964,1.6741587909928057,60.0,,,,"M. Li, F. Lei, F. Li, and A. Vesnin, On Yamada polynomial of spatial graphs obtained by edge replacements, arXiv:1801.09075, Theorem 5.1",Theorem 5.1,,"[""edge"", ""edge"", ""edge"", ""edge"", ""edge"", ""edge"", ""edge"", ""edge"", ""edge"", ""edge"", ""edge""]",078a0c9d1dbaf7e9,0f8fb7fcef4855671de548a9db03355dcb6f5f1c1dffc4ea0bcd78c15ce85aaa,05ba61fd7ebde67a81b5204a86c83bef03c63d40ed1d3de3f00fcf521f85e9b3,PASS,"[0, 0, 0, 0, 0, 0, 0, 0, 0, 0, 0]","[0, 0, 0, 0, 0, 0, 0, 0, 0, 0, 0]",0,,PASS,0,1,1,,PASS
ed26c6f332ff,4,li_lei_li_vesnin_edge_replacement_validation,Li-Lei-Li-Vesnin edge replacement,lllv:bouquet:B12_edge,bouquet,12,B12_edge,bouquet,,,1,12,0,0,PASS,ok,0.01787529099965468,PASS,ok,0.580866624994087,32.49550594758476,1.7671787090075668,60.0,,,,"M. Li, F. Lei, F. Li, and A. Vesnin, On Yamada polynomial of spatial graphs obtained by edge replacements, arXiv:1801.09075, Theorem 5.1",Theorem 5.1,,"[""edge"", ""edge"", ""edge"", ""edge"", ""edge"", ""edge"", ""edge"", ""edge"", ""edge"", ""edge"", ""edge"", ""edge""]",80130f0a3cd866c0,4195ba270146da419a7a7a53e7a144359f3b6d083030cee20542cc32e401f027,9ec39186a30faab690aa877edbecdd9db457b8f02893fa7311f70c064ab4ae9c,PASS,"[0, 0, 0, 0, 0, 0, 0, 0, 0, 0, 0, 0]","[0, 0, 0, 0, 0, 0, 0, 0, 0, 0, 0, 0]",0,,PASS,0,1,1,,PASS
ed26c6f332ff,4,li_lei_li_vesnin_edge_replacement_validation,Li-Lei-Li-Vesnin edge replacement,lllv:bouquet:B13_edge,bouquet,13,B13_edge,bouquet,,,1,13,0,0,PASS,ok,0.01827295799739659,PASS,ok,0.6028960830008145,32.993896395247624,1.7219283749873284,60.0,,,,"M. Li, F. Lei, F. Li, and A. Vesnin, On Yamada polynomial of spatial graphs obtained by edge replacements, arXiv:1801.09075, Theorem 5.1",Theorem 5.1,,"[""edge"", ""edge"", ""edge"", ""edge"", ""edge"", ""edge"", ""edge"", ""edge"", ""edge"", ""edge"", ""edge"", ""edge"", ""edge""]",38e114905c884631,73452ad54448b6c4218b915dd1eb8cb121e4b05de02c0f89d1c97e9b8c479759,899d5b8abc02ac995cb34c640c1d6da57102fff0efee1c2ef2a4a8e456d0583a,PASS,"[0, 0, 0, 0, 0, 0, 0, 0, 0, 0, 0, 0, 0]","[0, 0, 0, 0, 0, 0, 0, 0, 0, 0, 0, 0, 0]",0,,PASS,0,1,1,,PASS
677be6d9ad56,4,dobrynin_vesnin_theta_validation,Dobrynin-Vesnin Theta(n),dv:theta:0,dv_handcuff,0,Theta(0),,0,handcuff,,,0,,PASS,ok,0.0009696249908301979,PASS,ok,0.5186142919992562,534.8606903739311,1.456737249987782,240.0,,,,"A.A. Dobrynin and A.Yu. Vesnin, The Yamada polynomial for graphs, embedded knot-wise into three-dimensional space, Vychisl. Sistemy 155 (1996) 37-86, Theorem 2",Theorem 2,R(Theta(n))(A)=(A^2+A+1+A^-1+A^-2)A^n-(A+A^-1)A^(-2n)-(A^2+1+A^-2)(-1)^n A^(-n),,,,,,,,,PASS,,0,1,1,PASS,
677be6d9ad56,4,dobrynin_vesnin_theta_validation,Dobrynin-Vesnin Theta(n),dv:theta:1,dv_theta,1,Theta(1),,1,theta,,,1,,PASS,ok,0.015828041010536253,PASS,ok,0.408145291992696,25.78621648257077,1.2299930829904042,240.0,,,,"A.A. Dobrynin and A.Yu. Vesnin, The Yamada polynomial for graphs, embedded knot-wise into three-dimensional space, Vychisl. Sistemy 155 (1996) 37-86, Theorem 2",Theorem 2,R(Theta(n))(A)=(A^2+A+1+A^-1+A^-2)A^n-(A+A^-1)A^(-2n)-(A^2+1+A^-2)(-1)^n A^(-n),,,,,,,,,PASS,,-2,1,1,PASS,
677be6d9ad56,4,dobrynin_vesnin_theta_validation,Dobrynin-Vesnin Theta(n),dv:theta:2,dv_handcuff,2,Theta(2),,2,handcuff,,,2,,PASS,ok,0.013017708013649099,PASS,ok,0.4005095829925267,30.76652069416455,1.161521249989164,240.0,,,,"A.A. Dobrynin and A.Yu. Vesnin, The Yamada polynomial for graphs, embedded knot-wise into three-dimensional space, Vychisl. Sistemy 155 (1996) 37-86, Theorem 2",Theorem 2,R(Theta(n))(A)=(A^2+A+1+A^-1+A^-2)A^n-(A+A^-1)A^(-2n)-(A^2+1+A^-2)(-1)^n A^(-n),,,,,,,,,PASS,,1,-1,1,PASS,
677be6d9ad56,4,dobrynin_vesnin_theta_validation,Dobrynin-Vesnin Theta(n),dv:theta:3,dv_theta,3,Theta(3),,3,theta,,,3,,PASS,ok,0.012469999986933544,PASS,ok,0.4020943340001395,32.244934596749516,1.1627997909963597,240.0,,,,"A.A. Dobrynin and A.Yu. Vesnin, The Yamada polynomial for graphs, embedded knot-wise into three-dimensional space, Vychisl. Sistemy 155 (1996) 37-86, Theorem 2",Theorem 2,R(Theta(n))(A)=(A^2+A+1+A^-1+A^-2)A^n-(A+A^-1)A^(-2n)-(A^2+1+A^-2)(-1)^n A^(-n),,,,,,,,,PASS,,0,1,-1,PASS,
677be6d9ad56,4,dobrynin_vesnin_theta_validation,Dobrynin-Vesnin Theta(n),dv:theta:4,dv_handcuff,4,Theta(4),,4,handcuff,,,4,,PASS,ok,0.013334832998225465,PASS,ok,0.4045367500075372,30.336844118060643,1.167745124999783,240.0,,,,"A.A. Dobrynin and A.Yu. Vesnin, The Yamada polynomial for graphs, embedded knot-wise into three-dimensional space, Vychisl. Sistemy 155 (1996) 37-86, Theorem 2",Theorem 2,R(Theta(n))(A)=(A^2+A+1+A^-1+A^-2)A^n-(A+A^-1)A^(-2n)-(A^2+1+A^-2)(-1)^n A^(-n),,,,,,,,,PASS,,0,1,-1,PASS,
677be6d9ad56,4,dobrynin_vesnin_theta_validation,Dobrynin-Vesnin Theta(n),dv:theta:5,dv_theta,5,Theta(5),,5,theta,,,5,,PASS,ok,0.013760999994701706,PASS,ok,0.4058742089982843,29.494528679206088,1.1911638329911511,240.0,,,,"A.A. Dobrynin and A.Yu. Vesnin, The Yamada polynomial for graphs, embedded knot-wise into three-dimensional space, Vychisl. Sistemy 155 (1996) 37-86, Theorem 2",Theorem 2,R(Theta(n))(A)=(A^2+A+1+A^-1+A^-2)A^n-(A+A^-1)A^(-2n)-(A^2+1+A^-2)(-1)^n A^(-n),,,,,,,,,PASS,,0,1,-1,PASS,
677be6d9ad56,4,dobrynin_vesnin_theta_validation,Dobrynin-Vesnin Theta(n),dv:theta:6,dv_handcuff,6,Theta(6),,6,handcuff,,,6,,PASS,ok,0.017063457999029197,PASS,ok,0.4123416670045117,24.16518779651647,1.1739048750023358,240.0,,,,"A.A. Dobrynin and A.Yu. Vesnin, The Yamada polynomial for graphs, embedded knot-wise into three-dimensional space, Vychisl. Sistemy 155 (1996) 37-86, Theorem 2",Theorem 2,R(Theta(n))(A)=(A^2+A+1+A^-1+A^-2)A^n-(A+A^-1)A^(-2n)-(A^2+1+A^-2)(-1)^n A^(-n),,,,,,,,,PASS,,0,1,-1,PASS,
677be6d9ad56,4,dobrynin_vesnin_theta_validation,Dobrynin-Vesnin Theta(n),dv:theta:7,dv_theta,7,Theta(7),,7,theta,,,7,,PASS,ok,0.024414416999206878,PASS,ok,0.4138527500035707,16.951162504393,1.239999417011859,240.0,,,,"A.A. Dobrynin and A.Yu. Vesnin, The Yamada polynomial for graphs, embedded knot-wise into three-dimensional space, Vychisl. Sistemy 155 (1996) 37-86, Theorem 2",Theorem 2,R(Theta(n))(A)=(A^2+A+1+A^-1+A^-2)A^n-(A+A^-1)A^(-2n)-(A^2+1+A^-2)(-1)^n A^(-n),,,,,,,,,PASS,,0,1,-1,PASS,
677be6d9ad56,4,dobrynin_vesnin_theta_validation,Dobrynin-Vesnin Theta(n),dv:theta:8,dv_handcuff,8,Theta(8),,8,handcuff,,,8,,PASS,ok,0.01742704099160619,PASS,ok,0.41809687500062864,23.99127167957009,1.1920377500064205,240.0,,,,"A.A. Dobrynin and A.Yu. Vesnin, The Yamada polynomial for graphs, embedded knot-wise into three-dimensional space, Vychisl. Sistemy 155 (1996) 37-86, Theorem 2",Theorem 2,R(Theta(n))(A)=(A^2+A+1+A^-1+A^-2)A^n-(A+A^-1)A^(-2n)-(A^2+1+A^-2)(-1)^n A^(-n),,,,,,,,,PASS,,0,1,-1,PASS,
677be6d9ad56,4,dobrynin_vesnin_theta_validation,Dobrynin-Vesnin Theta(n),dv:theta:9,dv_theta,9,Theta(9),,9,theta,,,9,,PASS,ok,0.01597554200270679,PASS,ok,0.4343369999987772,27.18762217427027,1.2153621670004213,240.0,,,,"A.A. Dobrynin and A.Yu. Vesnin, The Yamada polynomial for graphs, embedded knot-wise into three-dimensional space, Vychisl. Sistemy 155 (1996) 37-86, Theorem 2",Theorem 2,R(Theta(n))(A)=(A^2+A+1+A^-1+A^-2)A^n-(A+A^-1)A^(-2n)-(A^2+1+A^-2)(-1)^n A^(-n),,,,,,,,,PASS,,0,1,-1,PASS,
677be6d9ad56,4,dobrynin_vesnin_theta_validation,Dobrynin-Vesnin Theta(n),dv:theta:10,dv_handcuff,10,Theta(10),,10,handcuff,,,10,,PASS,ok,0.016694292004103772,PASS,ok,0.4527307909884257,27.11889733791262,1.229249374999199,240.0,,,,"A.A. Dobrynin and A.Yu. Vesnin, The Yamada polynomial for graphs, embedded knot-wise into three-dimensional space, Vychisl. Sistemy 155 (1996) 37-86, Theorem 2",Theorem 2,R(Theta(n))(A)=(A^2+A+1+A^-1+A^-2)A^n-(A+A^-1)A^(-2n)-(A^2+1+A^-2)(-1)^n A^(-n),,,,,,,,,PASS,,0,1,-1,PASS,
677be6d9ad56,4,dobrynin_vesnin_theta_validation,Dobrynin-Vesnin Theta(n),dv:theta:11,dv_theta,11,Theta(11),,11,theta,,,11,,PASS,ok,0.01671720801095944,PASS,ok,0.4864982080034679,29.10164231279112,1.2604825000016717,240.0,,,,"A.A. Dobrynin and A.Yu. Vesnin, The Yamada polynomial for graphs, embedded knot-wise into three-dimensional space, Vychisl. Sistemy 155 (1996) 37-86, Theorem 2",Theorem 2,R(Theta(n))(A)=(A^2+A+1+A^-1+A^-2)A^n-(A+A^-1)A^(-2n)-(A^2+1+A^-2)(-1)^n A^(-n),,,,,,,,,PASS,,0,1,-1,PASS,
677be6d9ad56,4,dobrynin_vesnin_theta_validation,Dobrynin-Vesnin Theta(n),dv:theta:12,dv_handcuff,12,Theta(12),,12,handcuff,,,12,,PASS,ok,0.017755000008037314,PASS,ok,0.4493739580066176,25.309713196462717,1.233462917007273,240.0,,,,"A.A. Dobrynin and A.Yu. Vesnin, The Yamada polynomial for graphs, embedded knot-wise into three-dimensional space, Vychisl. Sistemy 155 (1996) 37-86, Theorem 2",Theorem 2,R(Theta(n))(A)=(A^2+A+1+A^-1+A^-2)A^n-(A+A^-1)A^(-2n)-(A^2+1+A^-2)(-1)^n A^(-n),,,,,,,,,PASS,,0,1,-1,PASS,
677be6d9ad56,4,dobrynin_vesnin_theta_validation,Dobrynin-Vesnin Theta(n),dv:theta:13,dv_theta,13,Theta(13),,13,theta,,,13,,PASS,ok,0.018656083004316315,PASS,ok,0.48093020801024977,25.778734362351447,1.2895464999892283,240.0,,,,"A.A. Dobrynin and A.Yu. Vesnin, The Yamada polynomial for graphs, embedded knot-wise into three-dimensional space, Vychisl. Sistemy 155 (1996) 37-86, Theorem 2",Theorem 2,R(Theta(n))(A)=(A^2+A+1+A^-1+A^-2)A^n-(A+A^-1)A^(-2n)-(A^2+1+A^-2)(-1)^n A^(-n),,,,,,,,,PASS,,0,1,-1,PASS,
677be6d9ad56,4,dobrynin_vesnin_theta_validation,Dobrynin-Vesnin Theta(n),dv:theta:14,dv_handcuff,14,Theta(14),,14,handcuff,,,14,,PASS,ok,0.0188995829958003,PASS,ok,0.6420150000049034,33.9697971192045,1.430400124998414,240.0,,,,"A.A. Dobrynin and A.Yu. Vesnin, The Yamada polynomial for graphs, embedded knot-wise into three-dimensional space, Vychisl. Sistemy 155 (1996) 37-86, Theorem 2",Theorem 2,R(Theta(n))(A)=(A^2+A+1+A^-1+A^-2)A^n-(A+A^-1)A^(-2n)-(A^2+1+A^-2)(-1)^n A^(-n),,,,,,,,,PASS,,0,1,-1,PASS,
677be6d9ad56,4,dobrynin_vesnin_theta_validation,Dobrynin-Vesnin Theta(n),dv:theta:15,dv_theta,15,Theta(15),,15,theta,,,15,,PASS,ok,0.019582791996072046,PASS,ok,0.765053708004416,39.067652261121495,1.5593867909919936,240.0,,,,"A.A. Dobrynin and A.Yu. Vesnin, The Yamada polynomial for graphs, embedded knot-wise into three-dimensional space, Vychisl. Sistemy 155 (1996) 37-86, Theorem 2",Theorem 2,R(Theta(n))(A)=(A^2+A+1+A^-1+A^-2)A^n-(A+A^-1)A^(-2n)-(A^2+1+A^-2)(-1)^n A^(-n),,,,,,,,,PASS,,0,1,-1,PASS,
677be6d9ad56,4,dobrynin_vesnin_theta_validation,Dobrynin-Vesnin Theta(n),dv:theta:16,dv_handcuff,16,Theta(16),,16,handcuff,,,16,,PASS,ok,0.020804667001357302,PASS,ok,0.7769665840023663,37.34578322987226,1.5805835420032963,240.0,,,,"A.A. Dobrynin and A.Yu. Vesnin, The Yamada polynomial for graphs, embedded knot-wise into three-dimensional space, Vychisl. Sistemy 155 (1996) 37-86, Theorem 2",Theorem 2,R(Theta(n))(A)=(A^2+A+1+A^-1+A^-2)A^n-(A+A^-1)A^(-2n)-(A^2+1+A^-2)(-1)^n A^(-n),,,,,,,,,PASS,,0,1,-1,PASS,
677be6d9ad56,4,dobrynin_vesnin_theta_validation,Dobrynin-Vesnin Theta(n),dv:theta:17,dv_theta,17,Theta(17),,17,theta,,,17,,PASS,ok,0.02156704200024251,FAIL,ok,0.6219812079943949,28.839430460023266,1.4186206250014948,240.0,,,,"A.A. Dobrynin and A.Yu. Vesnin, The Yamada polynomial for graphs, embedded knot-wise into three-dimensional space, Vychisl. Sistemy 155 (1996) 37-86, Theorem 2",Theorem 2,R(Theta(n))(A)=(A^2+A+1+A^-1+A^-2)A^n-(A+A^-1)A^(-2n)-(A^2+1+A^-2)(-1)^n A^(-n),,,,,,,,,PASS,,,,,FAIL,
677be6d9ad56,4,dobrynin_vesnin_theta_validation,Dobrynin-Vesnin Theta(n),dv:theta:18,dv_handcuff,18,Theta(18),,18,handcuff,,,18,,PASS,ok,0.023271041005500592,ERROR,error,0.40557658299803734,,1.2060414589941502,240.0,,,ValueError: Adding unsupported type.,"A.A. Dobrynin and A.Yu. Vesnin, The Yamada polynomial for graphs, embedded knot-wise into three-dimensional space, Vychisl. Sistemy 155 (1996) 37-86, Theorem 2",Theorem 2,R(Theta(n))(A)=(A^2+A+1+A^-1+A^-2)A^n-(A+A^-1)A^(-2n)-(A^2+1+A^-2)(-1)^n A^(-n),,,,,,,,,PASS,,,,,ERROR,
677be6d9ad56,4,dobrynin_vesnin_theta_validation,Dobrynin-Vesnin Theta(n),dv:theta:19,dv_theta,19,Theta(19),,19,theta,,,19,,PASS,ok,0.024309333006385714,ERROR,error,0.40494737500557676,,1.2119459999958053,240.0,,,ValueError: Adding unsupported type.,"A.A. Dobrynin and A.Yu. Vesnin, The Yamada polynomial for graphs, embedded knot-wise into three-dimensional space, Vychisl. Sistemy 155 (1996) 37-86, Theorem 2",Theorem 2,R(Theta(n))(A)=(A^2+A+1+A^-1+A^-2)A^n-(A+A^-1)A^(-2n)-(A^2+1+A^-2)(-1)^n A^(-n),,,,,,,,,PASS,,,,,ERROR,
677be6d9ad56,4,dobrynin_vesnin_theta_validation,Dobrynin-Vesnin Theta(n),dv:theta:20,dv_handcuff,20,Theta(20),,20,handcuff,,,20,,PASS,ok,0.025087708010687493,ERROR,error,0.4072863749897806,,1.2150579169974662,240.0,,,ValueError: Adding unsupported type.,"A.A. Dobrynin and A.Yu. Vesnin, The Yamada polynomial for graphs, embedded knot-wise into three-dimensional space, Vychisl. Sistemy 155 (1996) 37-86, Theorem 2",Theorem 2,R(Theta(n))(A)=(A^2+A+1+A^-1+A^-2)A^n-(A+A^-1)A^(-2n)-(A^2+1+A^-2)(-1)^n A^(-n),,,,,,,,,PASS,,,,,ERROR,
677be6d9ad56,4,dobrynin_vesnin_theta_validation,Dobrynin-Vesnin Theta(n),dv:theta:21,dv_theta,21,Theta(21),,21,theta,,,21,,PASS,ok,0.027707791989087127,ERROR,error,0.41135204100282863,,1.2553396669973154,240.0,,,ValueError: Adding unsupported type.,"A.A. Dobrynin and A.Yu. Vesnin, The Yamada polynomial for graphs, embedded knot-wise into three-dimensional space, Vychisl. Sistemy 155 (1996) 37-86, Theorem 2",Theorem 2,R(Theta(n))(A)=(A^2+A+1+A^-1+A^-2)A^n-(A+A^-1)A^(-2n)-(A^2+1+A^-2)(-1)^n A^(-n),,,,,,,,,PASS,,,,,ERROR,
677be6d9ad56,4,dobrynin_vesnin_theta_validation,Dobrynin-Vesnin Theta(n),dv:theta:22,dv_handcuff,22,Theta(22),,22,handcuff,,,22,,PASS,ok,0.029039957997156307,ERROR,error,0.4068222920031985,,1.2262599160021637,240.0,,,ValueError: Adding unsupported type.,"A.A. Dobrynin and A.Yu. Vesnin, The Yamada polynomial for graphs, embedded knot-wise into three-dimensional space, Vychisl. Sistemy 155 (1996) 37-86, Theorem 2",Theorem 2,R(Theta(n))(A)=(A^2+A+1+A^-1+A^-2)A^n-(A+A^-1)A^(-2n)-(A^2+1+A^-2)(-1)^n A^(-n),,,,,,,,,PASS,,,,,ERROR,
677be6d9ad56,4,dobrynin_vesnin_theta_validation,Dobrynin-Vesnin Theta(n),dv:theta:23,dv_theta,23,Theta(23),,23,theta,,,23,,PASS,ok,0.030787291005253792,ERROR,error,0.4133240420051152,,1.2356946249929024,240.0,,,ValueError: Adding unsupported type.,"A.A. Dobrynin and A.Yu. Vesnin, The Yamada polynomial for graphs, embedded knot-wise into three-dimensional space, Vychisl. Sistemy 155 (1996) 37-86, Theorem 2",Theorem 2,R(Theta(n))(A)=(A^2+A+1+A^-1+A^-2)A^n-(A+A^-1)A^(-2n)-(A^2+1+A^-2)(-1)^n A^(-n),,,,,,,,,PASS,,,,,ERROR,
677be6d9ad56,4,dobrynin_vesnin_theta_validation,Dobrynin-Vesnin Theta(n),dv:theta:24,dv_handcuff,24,Theta(24),,24,handcuff,,,24,,PASS,ok,0.03315612499136478,ERROR,error,0.4104369999986375,,1.2427872910047881,240.0,,,ValueError: Adding unsupported type.,"A.A. Dobrynin and A.Yu. Vesnin, The Yamada polynomial for graphs, embedded knot-wise into three-dimensional space, Vychisl. Sistemy 155 (1996) 37-86, Theorem 2",Theorem 2,R(Theta(n))(A)=(A^2+A+1+A^-1+A^-2)A^n-(A+A^-1)A^(-2n)-(A^2+1+A^-2)(-1)^n A^(-n),,,,,,,,,PASS,,,,,ERROR,
677be6d9ad56,4,dobrynin_vesnin_theta_validation,Dobrynin-Vesnin Theta(n),dv:theta:25,dv_theta,25,Theta(25),,25,theta,,,25,,PASS,ok,0.03487133400631137,ERROR,error,0.4108825409930432,,1.2475067500054138,240.0,,,ValueError: Adding unsupported type.,"A.A. Dobrynin and A.Yu. Vesnin, The Yamada polynomial for graphs, embedded knot-wise into three-dimensional space, Vychisl. Sistemy 155 (1996) 37-86, Theorem 2",Theorem 2,R(Theta(n))(A)=(A^2+A+1+A^-1+A^-2)A^n-(A+A^-1)A^(-2n)-(A^2+1+A^-2)(-1)^n A^(-n),,,,,,,,,PASS,,,,,ERROR,
677be6d9ad56,4,dobrynin_vesnin_theta_validation,Dobrynin-Vesnin Theta(n),dv:theta:26,dv_handcuff,26,Theta(26),,26,handcuff,,,26,,PASS,ok,0.037324208999052644,ERROR,error,0.4120675419981126,,1.2485716660012258,240.0,,,ValueError: Adding unsupported type.,"A.A. Dobrynin and A.Yu. Vesnin, The Yamada polynomial for graphs, embedded knot-wise into three-dimensional space, Vychisl. Sistemy 155 (1996) 37-86, Theorem 2",Theorem 2,R(Theta(n))(A)=(A^2+A+1+A^-1+A^-2)A^n-(A+A^-1)A^(-2n)-(A^2+1+A^-2)(-1)^n A^(-n),,,,,,,,,PASS,,,,,ERROR,
677be6d9ad56,4,dobrynin_vesnin_theta_validation,Dobrynin-Vesnin Theta(n),dv:theta:27,dv_theta,27,Theta(27),,27,theta,,,27,,PASS,ok,0.039510749993496574,ERROR,error,0.4128944170079194,,1.2597812500025611,240.0,,,ValueError: Adding unsupported type.,"A.A. Dobrynin and A.Yu. Vesnin, The Yamada polynomial for graphs, embedded knot-wise into three-dimensional space, Vychisl. Sistemy 155 (1996) 37-86, Theorem 2",Theorem 2,R(Theta(n))(A)=(A^2+A+1+A^-1+A^-2)A^n-(A+A^-1)A^(-2n)-(A^2+1+A^-2)(-1)^n A^(-n),,,,,,,,,PASS,,,,,ERROR,
677be6d9ad56,4,dobrynin_vesnin_theta_validation,Dobrynin-Vesnin Theta(n),dv:theta:28,dv_handcuff,28,Theta(28),,28,handcuff,,,28,,PASS,ok,0.04251362499780953,ERROR,error,0.41485158300201874,,1.2633981660037534,240.0,,,ValueError: Adding unsupported type.,"A.A. Dobrynin and A.Yu. Vesnin, The Yamada polynomial for graphs, embedded knot-wise into three-dimensional space, Vychisl. Sistemy 155 (1996) 37-86, Theorem 2",Theorem 2,R(Theta(n))(A)=(A^2+A+1+A^-1+A^-2)A^n-(A+A^-1)A^(-2n)-(A^2+1+A^-2)(-1)^n A^(-n),,,,,,,,,PASS,,,,,ERROR,
677be6d9ad56,4,dobrynin_vesnin_theta_validation,Dobrynin-Vesnin Theta(n),dv:theta:29,dv_theta,29,Theta(29),,29,theta,,,29,,PASS,ok,0.04502233301172964,ERROR,error,0.4121278340026038,,1.2674664160003886,240.0,,,ValueError: Adding unsupported type.,"A.A. Dobrynin and A.Yu. Vesnin, The Yamada polynomial for graphs, embedded knot-wise into three-dimensional space, Vychisl. Sistemy 155 (1996) 37-86, Theorem 2",Theorem 2,R(Theta(n))(A)=(A^2+A+1+A^-1+A^-2)A^n-(A+A^-1)A^(-2n)-(A^2+1+A^-2)(-1)^n A^(-n),,,,,,,,,PASS,,,,,ERROR,
ed26c6f332ff,4,li_lei_li_vesnin_edge_replacement_validation,Li-Lei-Li-Vesnin edge replacement,lllv:cycle:C14_edge_loop_bead_theta_bead,cycle,14,C14_edge_loop_bead_theta_bead,cycle,,,32,45,0,0,PASS,ok,0.016624333002255298,ERROR,error,0.4321050830039894,,1.5204891250032233,60.0,,,"TopolyRareGraphException: Rare exception in in graph.py:324: beg!=end: 11!=-1 arc: [0], graph: {0: [], 1: [], 2: [], 3: [], 4: [], 5: [], 6: [], 7: [], 8: [], 9: [], 10: [], 11: [[-1, [0]]]}","M. Li, F. Lei, F. Li, and A. Vesnin, On Yamada polynomial of spatial graphs obtained by edge replacements, arXiv:1801.09075, Theorem 5.1",Theorem 5.1,,"[""edge"", ""loop_bead"", ""theta_bead"", ""edge"", ""loop_bead"", ""theta_bead"", ""edge"", ""loop_bead"", ""theta_bead"", ""edge"", ""loop_bead"", ""theta_bead"", ""edge"", ""loop_bead""]",38b1abf825f5c058,01dab976972169c8a4ed66ca265833e83559b1622879a3aa77477bc70e5d9115,2225a7c7f4249dd6c515ede31b5a060cc2b2af02031bf03e375dcad3be539227,PASS,"[0, 0, 0, 0, 0, 0, 0, 0, 0, 0, 0, 0, 0, 0]","[0, 0, 0, 0, 0, 0, 0, 0, 0, 0, 0, 0, 0, 0]",0,,PASS,,,,,ERROR
ed26c6f332ff,4,li_lei_li_vesnin_edge_replacement_validation,Li-Lei-Li-Vesnin edge replacement,lllv:cycle:C15_edge_loop_bead_theta_bead,cycle,15,C15_edge_loop_bead_theta_bead,cycle,,,35,50,0,0,PASS,ok,0.017470416001742706,PASS,ok,0.923989957998856,52.88883549806062,2.1096482499997364,60.0,,,,"M. Li, F. Lei, F. Li, and A. Vesnin, On Yamada polynomial of spatial graphs obtained by edge replacements, arXiv:1801.09075, Theorem 5.1",Theorem 5.1,,"[""edge"", ""loop_bead"", ""theta_bead"", ""edge"", ""loop_bead"", ""theta_bead"", ""edge"", ""loop_bead"", ""theta_bead"", ""edge"", ""loop_bead"", ""theta_bead"", ""edge"", ""loop_bead"", ""theta_bead""]",7635b89990b7ebef,bb768e891873c1452bbecc102cd3cc6b0540bac77bcb54345aa4ac06488d3ab5,7da849e4dd2189422128ded0d623c2e77f3bce42360fd697bbe2363143170268,PASS,"[0, 0, 0, 0, 0, 0, 0, 0, 0, 0, 0, 0, 0, 0, 0]","[0, 0, 0, 0, 0, 0, 0, 0, 0, 0, 0, 0, 0, 0, 0]",0,,PASS,0,1,1,,PASS
ed26c6f332ff,4,li_lei_li_vesnin_edge_replacement_validation,Li-Lei-Li-Vesnin edge replacement,lllv:cycle:C16_edge_loop_bead_theta_bead,cycle,16,C16_edge_loop_bead_theta_bead,cycle,,,36,51,0,0,PASS,ok,0.018438041006447747,ERROR,error,0.4300657499989029,,1.2838705409958493,60.0,,,"TopolyRareGraphException: Rare exception in in graph.py:324: beg!=end: 13!=-1 arc: [0], graph: {0: [], 1: [], 2: [], 3: [], 4: [], 5: [], 6: [], 7: [], 8: [], 9: [], 10: [], 11: [], 12: [], 13: [[-1, [0]]]}","M. Li, F. Lei, F. Li, and A. Vesnin, On Yamada polynomial of spatial graphs obtained by edge replacements, arXiv:1801.09075, Theorem 5.1",Theorem 5.1,,"[""edge"", ""loop_bead"", ""theta_bead"", ""edge"", ""loop_bead"", ""theta_bead"", ""edge"", ""loop_bead"", ""theta_bead"", ""edge"", ""loop_bead"", ""theta_bead"", ""edge"", ""loop_bead"", ""theta_bead"", ""edge""]",ab0c9b66099b5319,d87876dfb054ce7c586e961bbd68511e3eb3316c07250126f135d450320a7de1,db9af1e06f2ebcb2f00c1c0b32dfbccd929a4af2a3d48ecdb5b2d8e5df1fd730,PASS,"[0, 0, 0, 0, 0, 0, 0, 0, 0, 0, 0, 0, 0, 0, 0, 0]","[0, 0, 0, 0, 0, 0, 0, 0, 0, 0, 0, 0, 0, 0, 0, 0]",0,,PASS,,,,,ERROR
ed26c6f332ff,4,li_lei_li_vesnin_edge_replacement_validation,Li-Lei-Li-Vesnin edge replacement,lllv:cycle:C17_edge_loop_bead_theta_bead,cycle,17,C17_edge_loop_bead_theta_bead,cycle,,,39,55,0,0,PASS,ok,0.020867041996098123,ERROR,error,0.45303662501100916,,1.8875052079965826,60.0,,,"TopolyRareGraphException: Rare exception in in graph.py:324: beg!=end: 14!=-1 arc: [0], graph: {0: [], 1: [], 2: [], 3: [], 4: [], 5: [], 6: [], 7: [], 8: [], 9: [], 10: [], 11: [], 12: [], 13: [], 14: [[-1, [0]]]}","M. Li, F. Lei, F. Li, and A. Vesnin, On Yamada polynomial of spatial graphs obtained by edge replacements, arXiv:1801.09075, Theorem 5.1",Theorem 5.1,,"[""edge"", ""loop_bead"", ""theta_bead"", ""edge"", ""loop_bead"", ""theta_bead"", ""edge"", ""loop_bead"", ""theta_bead"", ""edge"", ""loop_bead"", ""theta_bead"", ""edge"", ""loop_bead"", ""theta_bead"", ""edge"", ""loop_bead""]",9a23c6ca42a080f5,3277700ca369f3cff3e65f63d34bc4ac9993702b15e352da519477635be185ce,bb56a27c3501e46a6f1f447e0c23579be58a1dbbe68019af297cdc53a4e37ab1,PASS,"[0, 0, 0, 0, 0, 0, 0, 0, 0, 0, 0, 0, 0, 0, 0, 0, 0]","[0, 0, 0, 0, 0, 0, 0, 0, 0, 0, 0, 0, 0, 0, 0, 0, 0]",0,,PASS,,,,,ERROR
ed26c6f332ff,4,li_lei_li_vesnin_edge_replacement_validation,Li-Lei-Li-Vesnin edge replacement,lllv:cycle:C18_edge_loop_bead_theta_bead,cycle,18,C18_edge_loop_bead_theta_bead,cycle,,,42,60,0,0,PASS,ok,0.018455792000168003,PASS,ok,1.8939329999993788,102.61997967804028,3.636916707997443,60.0,,,,"M. Li, F. Lei, F. Li, and A. Vesnin, On Yamada polynomial of spatial graphs obtained by edge replacements, arXiv:1801.09075, Theorem 5.1",Theorem 5.1,,"[""edge"", ""loop_bead"", ""theta_bead"", ""edge"", ""loop_bead"", ""theta_bead"", ""edge"", ""loop_bead"", ""theta_bead"", ""edge"", ""loop_bead"", ""theta_bead"", ""edge"", ""loop_bead"", ""theta_bead"", ""edge"", ""loop_bead"", ""theta_bead""]",8c260eed39ea8e62,efd698f433fcc94f306e19a637fe2e64b87100b9ba245ba3638fa1c55c6cc843,c5dabf5787f728d38b7f17159b035968028b1136c3ecdda3a9a6bd04426ae57b,PASS,"[0, 0, 0, 0, 0, 0, 0, 0, 0, 0, 0, 0, 0, 0, 0, 0, 0, 0]","[0, 0, 0, 0, 0, 0, 0, 0, 0, 0, 0, 0, 0, 0, 0, 0, 0, 0]",0,,PASS,0,1,1,,PASS
ed26c6f332ff,4,li_lei_li_vesnin_edge_replacement_validation,Li-Lei-Li-Vesnin edge replacement,lllv:cycle:C19_edge_loop_bead_theta_bead,cycle,19,C19_edge_loop_bead_theta_bead,cycle,,,43,61,0,0,PASS,ok,0.01937000000907574,ERROR,error,0.4151233339944156,,1.239671916991938,60.0,,,"TopolyRareGraphException: Rare exception in in graph.py:324: beg!=end: 16!=-1 arc: [0], graph: {0: [], 1: [], 2: [], 3: [], 4: [], 5: [], 6: [], 7: [], 8: [], 9: [], 10: [], 11: [], 12: [], 13: [], 14: [], 15: [], 16: [[-1, [0]]]}","M. Li, F. Lei, F. Li, and A. Vesnin, On Yamada polynomial of spatial graphs obtained by edge replacements, arXiv:1801.09075, Theorem 5.1",Theorem 5.1,,"[""edge"", ""loop_bead"", ""theta_bead"", ""edge"", ""loop_bead"", ""theta_bead"", ""edge"", ""loop_bead"", ""theta_bead"", ""edge"", ""loop_bead"", ""theta_bead"", ""edge"", ""loop_bead"", ""theta_bead"", ""edge"", ""loop_bead"", ""theta_bead"", ""edge""]",d92d3eaa112374d5,00846efec65f3dd20baa93b0792aff0acdd2e77edd10b8acede732ef03951143,d1c2afe45a22d3be69bfa27006e2b8cbea179d72a7c9709c0d05c5f7e406590f,PASS,"[0, 0, 0, 0, 0, 0, 0, 0, 0, 0, 0, 0, 0, 0, 0, 0, 0, 0, 0]","[0, 0, 0, 0, 0, 0, 0, 0, 0, 0, 0, 0, 0, 0, 0, 0, 0, 0, 0]",0,,PASS,,,,,ERROR
ed26c6f332ff,4,li_lei_li_vesnin_edge_replacement_validation,Li-Lei-Li-Vesnin edge replacement,lllv:cycle:C20_edge_loop_bead_theta_bead,cycle,20,C20_edge_loop_bead_theta_bead,cycle,,,46,65,0,0,PASS,ok,0.018694290993153118,ERROR,error,0.42623904200445395,,2.6738846670050407,60.0,,,"TopolyRareGraphException: Rare exception in in graph.py:324: beg!=end: 17!=-1 arc: [0], graph: {0: [], 1: [], 2: [], 3: [], 4: [], 5: [], 6: [], 7: [], 8: [], 9: [], 10: [], 11: [], 12: [], 13: [], 14: [], 15: [], 16: [], 17: [[-1, [0]]]}","M. Li, F. Lei, F. Li, and A. Vesnin, On Yamada polynomial of spatial graphs obtained by edge replacements, arXiv:1801.09075, Theorem 5.1",Theorem 5.1,,"[""edge"", ""loop_bead"", ""theta_bead"", ""edge"", ""loop_bead"", ""theta_bead"", ""edge"", ""loop_bead"", ""theta_bead"", ""edge"", ""loop_bead"", ""theta_bead"", ""edge"", ""loop_bead"", ""theta_bead"", ""edge"", ""loop_bead"", ""theta_bead"", ""edge"", ""loop_bead""]",7cbeae3d2ac9138d,45bbed1abdbbfe09148b98d94ab5d04717cf7beddfcbb936489cbb5f424f95fd,7d23259e4a281780096490481b40a9bceacdf27c9dcfa59a3356a5d8d62a6a8c,PASS,"[0, 0, 0, 0, 0, 0, 0, 0, 0, 0, 0, 0, 0, 0, 0, 0, 0, 0, 0, 0]","[0, 0, 0, 0, 0, 0, 0, 0, 0, 0, 0, 0, 0, 0, 0, 0, 0, 0, 0, 0]",0,,PASS,,,,,ERROR
ed26c6f332ff,4,li_lei_li_vesnin_edge_replacement_validation,Li-Lei-Li-Vesnin edge replacement,lllv:cycle:C21_edge_loop_bead_theta_bead,cycle,21,C21_edge_loop_bead_theta_bead,cycle,,,49,70,0,0,PASS,ok,0.02415304200258106,PASS,ok,6.3291463749919785,262.0434467143157,9.462653791997582,60.0,,,,"M. Li, F. Lei, F. Li, and A. Vesnin, On Yamada polynomial of spatial graphs obtained by edge replacements, arXiv:1801.09075, Theorem 5.1",Theorem 5.1,,"[""edge"", ""loop_bead"", ""theta_bead"", ""edge"", ""loop_bead"", ""theta_bead"", ""edge"", ""loop_bead"", ""theta_bead"", ""edge"", ""loop_bead"", ""theta_bead"", ""edge"", ""loop_bead"", ""theta_bead"", ""edge"", ""loop_bead"", ""theta_bead"", ""edge"", ""loop_bead"", ""theta_bead""]",a2ca27a71ce2bcab,ccdea16a7345c0b1b1c61814ef84e96fa22793bbf732f02cd1db66f0b95d4369,ce0e4b31260697ce4c891a3e23a22dff1b33a7e4fa763935c7a82f17dcaa24a0,PASS,"[0, 0, 0, 0, 0, 0, 0, 0, 0, 0, 0, 0, 0, 0, 0, 0, 0, 0, 0, 0, 0]","[0, 0, 0, 0, 0, 0, 0, 0, 0, 0, 0, 0, 0, 0, 0, 0, 0, 0, 0, 0, 0]",0,,PASS,0,1,1,,PASS
ed26c6f332ff,4,li_lei_li_vesnin_edge_replacement_validation,Li-Lei-Li-Vesnin edge replacement,lllv:cycle:C22_edge_loop_bead_theta_bead,cycle,22,C22_edge_loop_bead_theta_bead,cycle,,,50,71,0,0,PASS,ok,0.01954416700755246,ERROR,error,0.42085504200076684,,1.312585375009803,60.0,,,"TopolyRareGraphException: Rare exception in in graph.py:324: beg!=end: 19!=-1 arc: [0], graph: {0: [], 1: [], 2: [], 3: [], 4: [], 5: [], 6: [], 7: [], 8: [], 9: [], 10: [], 11: [], 12: [], 13: [], 14: [], 15: [], 16: [], 17: [], 18: [], 19: [[-1, [0]]]}","M. Li, F. Lei, F. Li, and A. Vesnin, On Yamada polynomial of spatial graphs obtained by edge replacements, arXiv:1801.09075, Theorem 5.1",Theorem 5.1,,"[""edge"", ""loop_bead"", ""theta_bead"", ""edge"", ""loop_bead"", ""theta_bead"", ""edge"", ""loop_bead"", ""theta_bead"", ""edge"", ""loop_bead"", ""theta_bead"", ""edge"", ""loop_bead"", ""theta_bead"", ""edge"", ""loop_bead"", ""theta_bead"", ""edge"", ""loop_bead"", ""theta_bead"", ""edge""]",bf842025f6aca33e,6d90f8b970c08412af25534da7053ade299c64d3ad23ae192d46c45695cdc908,1876fa1c385beeb73738b2350cba9f9e2f8f429a69226b1a39998ed16baab260,PASS,"[0, 0, 0, 0, 0, 0, 0, 0, 0, 0, 0, 0, 0, 0, 0, 0, 0, 0, 0, 0, 0, 0]","[0, 0, 0, 0, 0, 0, 0, 0, 0, 0, 0, 0, 0, 0, 0, 0, 0, 0, 0, 0, 0, 0]",0,,PASS,,,,,ERROR
ed26c6f332ff,4,li_lei_li_vesnin_edge_replacement_validation,Li-Lei-Li-Vesnin edge replacement,lllv:cycle:C23_edge_loop_bead_theta_bead,cycle,23,C23_edge_loop_bead_theta_bead,cycle,,,53,75,0,0,PASS,ok,0.019893832999514416,ERROR,error,0.4343684580089757,,4.040359417005675,60.0,,,"TopolyRareGraphException: Rare exception in in graph.py:324: beg!=end: 20!=-1 arc: [0], graph: {0: [], 1: [], 2: [], 3: [], 4: [], 5: [], 6: [], 7: [], 8: [], 9: [], 10: [], 11: [], 12: [], 13: [], 14: [], 15: [], 16: [], 17: [], 18: [], 19: [], 20: [[-1, [0]]]}","M. Li, F. Lei, F. Li, and A. Vesnin, On Yamada polynomial of spatial graphs obtained by edge replacements, arXiv:1801.09075, Theorem 5.1",Theorem 5.1,,"[""edge"", ""loop_bead"", ""theta_bead"", ""edge"", ""loop_bead"", ""theta_bead"", ""edge"", ""loop_bead"", ""theta_bead"", ""edge"", ""loop_bead"", ""theta_bead"", ""edge"", ""loop_bead"", ""theta_bead"", ""edge"", ""loop_bead"", ""theta_bead"", ""edge"", ""loop_bead"", ""theta_bead"", ""edge"", ""loop_bead""]",fcbd5ee7b945e330,4b3b3ba2e15e7b4af2e049ceacbeaaee2fa7617c3748a402fd51930652e400e7,ba2932345061a9eb7abb48ef0dc5ff986d748ff1d4d95db0ef18256655f7e4fa,PASS,"[0, 0, 0, 0, 0, 0, 0, 0, 0, 0, 0, 0, 0, 0, 0, 0, 0, 0, 0, 0, 0, 0, 0]","[0, 0, 0, 0, 0, 0, 0, 0, 0, 0, 0, 0, 0, 0, 0, 0, 0, 0, 0, 0, 0, 0, 0]",0,,PASS,,,,,ERROR
ed26c6f332ff,4,li_lei_li_vesnin_edge_replacement_validation,Li-Lei-Li-Vesnin edge replacement,lllv:cycle:C24_edge_loop_bead_theta_bead,cycle,24,C24_edge_loop_bead_theta_bead,cycle,,,56,80,0,0,PASS,ok,0.02041766700858716,PASS,ok,29.22397804199136,1431.308387471521,33.89073912501044,60.0,,,,"M. Li, F. Lei, F. Li, and A. Vesnin, On Yamada polynomial of spatial graphs obtained by edge replacements, arXiv:1801.09075, Theorem 5.1",Theorem 5.1,,"[""edge"", ""loop_bead"", ""theta_bead"", ""edge"", ""loop_bead"", ""theta_bead"", ""edge"", ""loop_bead"", ""theta_bead"", ""edge"", ""loop_bead"", ""theta_bead"", ""edge"", ""loop_bead"", ""theta_bead"", ""edge"", ""loop_bead"", ""theta_bead"", ""edge"", ""loop_bead"", ""theta_bead"", ""edge"", ""loop_bead"", ""theta_bead""]",6d9754e91e451652,af75a3d3ab5d20623a2cc501722aa8f21767d1a08c9df9d115608734755703b9,5762031592eaeda68e09f9c20546d6ef894a9b25a77ed47a411a85a80336885c,PASS,"[0, 0, 0, 0, 0, 0, 0, 0, 0, 0, 0, 0, 0, 0, 0, 0, 0, 0, 0, 0, 0, 0, 0, 0]","[0, 0, 0, 0, 0, 0, 0, 0, 0, 0, 0, 0, 0, 0, 0, 0, 0, 0, 0, 0, 0, 0, 0, 0]",0,,PASS,0,1,1,,PASS
ed26c6f332ff,4,li_lei_li_vesnin_edge_replacement_validation,Li-Lei-Li-Vesnin edge replacement,lllv:cycle:C25_edge_loop_bead_theta_bead,cycle,25,C25_edge_loop_bead_theta_bead,cycle,,,57,81,0,0,PASS,ok,0.021615041987388395,ERROR,error,0.4963611669954844,,1.4969656670000404,60.0,,,"TopolyRareGraphException: Rare exception in in graph.py:324: beg!=end: 22!=-1 arc: [0], graph: {0: [], 1: [], 2: [], 3: [], 4: [], 5: [], 6: [], 7: [], 8: [], 9: [], 10: [], 11: [], 12: [], 13: [], 14: [], 15: [], 16: [], 17: [], 18: [], 19: [], 20: [], 21: [], 22: [[-1, [0]]]}","M. Li, F. Lei, F. Li, and A. Vesnin, On Yamada polynomial of spatial graphs obtained by edge replacements, arXiv:1801.09075, Theorem 5.1",Theorem 5.1,,"[""edge"", ""loop_bead"", ""theta_bead"", ""edge"", ""loop_bead"", ""theta_bead"", ""edge"", ""loop_bead"", ""theta_bead"", ""edge"", ""loop_bead"", ""theta_bead"", ""edge"", ""loop_bead"", ""theta_bead"", ""edge"", ""loop_bead"", ""theta_bead"", ""edge"", ""loop_bead"", ""theta_bead"", ""edge"", ""loop_bead"", ""theta_bead"", ""edge""]",96010acf5d31480e,207c2cb8af1ff3082e460e4c600c57ad03abea2fe79251f97e3325dd0fce4baa,c0b7db67961892428265456355caf96e1382614d0f8297f6a7749db290c6ddd8,PASS,"[0, 0, 0, 0, 0, 0, 0, 0, 0, 0, 0, 0, 0, 0, 0, 0, 0, 0, 0, 0, 0, 0, 0, 0, 0]","[0, 0, 0, 0, 0, 0, 0, 0, 0, 0, 0, 0, 0, 0, 0, 0, 0, 0, 0, 0, 0, 0, 0, 0, 0]",0,,PASS,,,,,ERROR
ed26c6f332ff,4,li_lei_li_vesnin_edge_replacement_validation,Li-Lei-Li-Vesnin edge replacement,lllv:cycle:C26_edge_loop_bead_theta_bead,cycle,26,C26_edge_loop_bead_theta_bead,cycle,,,60,85,0,0,PASS,ok,0.021709083011955954,ERROR,error,0.4310976669949014,,6.233884833010961,60.0,,,"TopolyRareGraphException: Rare exception in in graph.py:324: beg!=end: 23!=-1 arc: [0], graph: {0: [], 1: [], 2: [], 3: [], 4: [], 5: [], 6: [], 7: [], 8: [], 9: [], 10: [], 11: [], 12: [], 13: [], 14: [], 15: [], 16: [], 17: [], 18: [], 19: [], 20: [], 21: [], 22: [], 23: [[-1, [0]]]}","M. Li, F. Lei, F. Li, and A. Vesnin, On Yamada polynomial of spatial graphs obtained by edge replacements, arXiv:1801.09075, Theorem 5.1",Theorem 5.1,,"[""edge"", ""loop_bead"", ""theta_bead"", ""edge"", ""loop_bead"", ""theta_bead"", ""edge"", ""loop_bead"", ""theta_bead"", ""edge"", ""loop_bead"", ""theta_bead"", ""edge"", ""loop_bead"", ""theta_bead"", ""edge"", ""loop_bead"", ""theta_bead"", ""edge"", ""loop_bead"", ""theta_bead"", ""edge"", ""loop_bead"", ""theta_bead"", ""edge"", ""loop_bead""]",83919832ead38081,59fe5e23299768d41e320a92ffbf4dc29c5050072343c9fe1de16b54d0dc70a2,6ec3b9b8c269a819e92e69f40ea4d027cef7eb5e00fdeeecefe9d40667871848,PASS,"[0, 0, 0, 0, 0, 0, 0, 0, 0, 0, 0, 0, 0, 0, 0, 0, 0, 0, 0, 0, 0, 0, 0, 0, 0, 0]","[0, 0, 0, 0, 0, 0, 0, 0, 0, 0, 0, 0, 0, 0, 0, 0, 0, 0, 0, 0, 0, 0, 0, 0, 0, 0]",0,,PASS,,,,,ERROR
ed26c6f332ff,4,li_lei_li_vesnin_edge_replacement_validation,Li-Lei-Li-Vesnin edge replacement,lllv:cycle:C27_edge_loop_bead_theta_bead,cycle,27,C27_edge_loop_bead_theta_bead,cycle,,,63,90,0,0,PASS,ok,0.021597334009129554,ERROR,timeout,60.009286542001064,,67.54927245900035,60.0,,,,"M. Li, F. Lei, F. Li, and A. Vesnin, On Yamada polynomial of spatial graphs obtained by edge replacements, arXiv:1801.09075, Theorem 5.1",Theorem 5.1,,"[""edge"", ""loop_bead"", ""theta_bead"", ""edge"", ""loop_bead"", ""theta_bead"", ""edge"", ""loop_bead"", ""theta_bead"", ""edge"", ""loop_bead"", ""theta_bead"", ""edge"", ""loop_bead"", ""theta_bead"", ""edge"", ""loop_bead"", ""theta_bead"", ""edge"", ""loop_bead"", ""theta_bead"", ""edge"", ""loop_bead"", ""theta_bead"", ""edge"", ""loop_bead"", ""theta_bead""]",e0154fe09f3628fb,4339fc75ad5abed544d08cce5c3aaf3520324d8cd489e95a93e1524369643c4d,1ee944e0d67b0b226987cc7f997e515a6411dc04b6e0eae1026d5a67d78cc965,PASS,"[0, 0, 0, 0, 0, 0, 0, 0, 0, 0, 0, 0, 0, 0, 0, 0, 0, 0, 0, 0, 0, 0, 0, 0, 0, 0, 0]","[0, 0, 0, 0, 0, 0, 0, 0, 0, 0, 0, 0, 0, 0, 0, 0, 0, 0, 0, 0, 0, 0, 0, 0, 0, 0, 0]",0,,PASS,,,,,ERROR
ed26c6f332ff,4,li_lei_li_vesnin_edge_replacement_validation,Li-Lei-Li-Vesnin edge replacement,lllv:cycle:C28_edge_loop_bead_theta_bead,cycle,28,C28_edge_loop_bead_theta_bead,cycle,,,64,91,0,0,PASS,ok,0.04237829199701082,ERROR,error,0.7268602920084959,,2.2454405419994146,60.0,,,"TopolyRareGraphException: Rare exception in in graph.py:324: beg!=end: 25!=-1 arc: [0], graph: {0: [], 1: [], 2: [], 3: [], 4: [], 5: [], 6: [], 7: [], 8: [], 9: [], 10: [], 11: [], 12: [], 13: [], 14: [], 15: [], 16: [], 17: [], 18: [], 19: [], 20: [], 21: [], 22: [], 23: [], 24: [], 25: [[-1, [0]]]}","M. Li, F. Lei, F. Li, and A. Vesnin, On Yamada polynomial of spatial graphs obtained by edge replacements, arXiv:1801.09075, Theorem 5.1",Theorem 5.1,,"[""edge"", ""loop_bead"", ""theta_bead"", ""edge"", ""loop_bead"", ""theta_bead"", ""edge"", ""loop_bead"", ""theta_bead"", ""edge"", ""loop_bead"", ""theta_bead"", ""edge"", ""loop_bead"", ""theta_bead"", ""edge"", ""loop_bead"", ""theta_bead"", ""edge"", ""loop_bead"", ""theta_bead"", ""edge"", ""loop_bead"", ""theta_bead"", ""edge"", ""loop_bead"", ""theta_bead"", ""edge""]",003e2b58bc814b0a,9f6d2ea9219f97388e9440ac5d290c12dffa4ef84b6949b89791f04928328e94,ac8e183c9a2c7322733bc0c8238f347a8511dd0a70bdd17fd1f06c224240a359,PASS,"[0, 0, 0, 0, 0, 0, 0, 0, 0, 0, 0, 0, 0, 0, 0, 0, 0, 0, 0, 0, 0, 0, 0, 0, 0, 0, 0, 0]","[0, 0, 0, 0, 0, 0, 0, 0, 0, 0, 0, 0, 0, 0, 0, 0, 0, 0, 0, 0, 0, 0, 0, 0, 0, 0, 0, 0]",0,,PASS,,,,,ERROR
ed26c6f332ff,4,li_lei_li_vesnin_edge_replacement_validation,Li-Lei-Li-Vesnin edge replacement,lllv:cycle:C29_edge_loop_bead_theta_bead,cycle,29,C29_edge_loop_bead_theta_bead,cycle,,,67,95,0,0,PASS,ok,0.0317371249984717,ERROR,error,0.6758429999899818,,15.59993025001313,60.0,,,"TopolyRareGraphException: Rare exception in in graph.py:324: beg!=end: 26!=-1 arc: [0], graph: {0: [], 1: [], 2: [], 3: [], 4: [], 5: [], 6: [], 7: [], 8: [], 9: [], 10: [], 11: [], 12: [], 13: [], 14: [], 15: [], 16: [], 17: [], 18: [], 19: [], 20: [], 21: [], 22: [], 23: [], 24: [], 25: [], 26: [[-1, [0]]]}","M. Li, F. Lei, F. Li, and A. Vesnin, On Yamada polynomial of spatial graphs obtained by edge replacements, arXiv:1801.09075, Theorem 5.1",Theorem 5.1,,"[""edge"", ""loop_bead"", ""theta_bead"", ""edge"", ""loop_bead"", ""theta_bead"", ""edge"", ""loop_bead"", ""theta_bead"", ""edge"", ""loop_bead"", ""theta_bead"", ""edge"", ""loop_bead"", ""theta_bead"", ""edge"", ""loop_bead"", ""theta_bead"", ""edge"", ""loop_bead"", ""theta_bead"", ""edge"", ""loop_bead"", ""theta_bead"", ""edge"", ""loop_bead"", ""theta_bead"", ""edge"", ""loop_bead""]",f3812f0ee3e1bad9,3681d02534f856ef68818594b00f0bf26e4bda49bac851c22a80e4ad89c9c2ea,f0ade13c772057aa4e8e9c8c8bfb57e5192df046f21c18d89a96a1097ea05932,PASS,"[0, 0, 0, 0, 0, 0, 0, 0, 0, 0, 0, 0, 0, 0, 0, 0, 0, 0, 0, 0, 0, 0, 0, 0, 0, 0, 0, 0, 0]","[0, 0, 0, 0, 0, 0, 0, 0, 0, 0, 0, 0, 0, 0, 0, 0, 0, 0, 0, 0, 0, 0, 0, 0, 0, 0, 0, 0, 0]",0,,PASS,,,,,ERROR
ed26c6f332ff,4,li_lei_li_vesnin_edge_replacement_validation,Li-Lei-Li-Vesnin edge replacement,lllv:theta:Theta14_edge_loop_bead_theta_bead,theta,14,Theta14_edge_loop_bead_theta_bead,theta,,,20,45,0,0,PASS,ok,0.02846362499985844,PASS,ok,34.46754675000557,1210.933138353846,49.39178129199718,60.0,,,,"M. Li, F. Lei, F. Li, and A. Vesnin, On Yamada polynomial of spatial graphs obtained by edge replacements, arXiv:1801.09075, Theorem 5.1",Theorem 5.1,,"[""edge"", ""loop_bead"", ""theta_bead"", ""edge"", ""loop_bead"", ""theta_bead"", ""edge"", ""loop_bead"", ""theta_bead"", ""edge"", ""loop_bead"", ""theta_bead"", ""edge"", ""loop_bead""]",c4f9efb73641fd04,cd4f3aee3c44d65ef96895ab11460087fc64cb2da8998803e9c01eac1f8720a2,6ac76693348c545ee8d9f5b1258451a06355f1989bb5c6991544b3fbf0ff2066,PASS,"[0, 0, 0, 0, 0, 0, 0, 0, 0, 0, 0, 0, 0, 0]","[0, 0, 0, 0, 0, 0, 0, 0, 0, 0, 0, 0, 0, 0]",0,,PASS,0,1,1,,PASS
ed26c6f332ff,4,li_lei_li_vesnin_edge_replacement_validation,Li-Lei-Li-Vesnin edge replacement,lllv:theta:Theta15_edge_loop_bead_theta_bead,theta,15,Theta15_edge_loop_bead_theta_bead,theta,,,22,50,0,0,PASS,ok,0.03242287499597296,ERROR,timeout,60.01570354199794,,82.91267125000013,60.0,,,,"M. Li, F. Lei, F. Li, and A. Vesnin, On Yamada polynomial of spatial graphs obtained by edge replacements, arXiv:1801.09075, Theorem 5.1",Theorem 5.1,,"[""edge"", ""loop_bead"", ""theta_bead"", ""edge"", ""loop_bead"", ""theta_bead"", ""edge"", ""loop_bead"", ""theta_bead"", ""edge"", ""loop_bead"", ""theta_bead"", ""edge"", ""loop_bead"", ""theta_bead""]",57d05f3fa4de6fc3,669d2564f7b4ebc6d081df2d0adb025c4ad3c20b0998b6318baffaf8bf335d96,139bd4c1ad088cef2b3f911316371e7592bd3da991d3ba44d1369c4cf0842b9d,PASS,"[0, 0, 0, 0, 0, 0, 0, 0, 0, 0, 0, 0, 0, 0, 0]","[0, 0, 0, 0, 0, 0, 0, 0, 0, 0, 0, 0, 0, 0, 0]",0,,PASS,,,,,ERROR
ed26c6f332ff,4,li_lei_li_vesnin_edge_replacement_validation,Li-Lei-Li-Vesnin edge replacement,lllv:theta:Theta16_edge_loop_bead_theta_bead,theta,16,Theta16_edge_loop_bead_theta_bead,theta,,,22,51,0,0,PASS,ok,0.051370291999774054,ERROR,timeout,60.01721379099763,,87.04841320800188,60.0,,,,"M. Li, F. Lei, F. Li, and A. Vesnin, On Yamada polynomial of spatial graphs obtained by edge replacements, arXiv:1801.09075, Theorem 5.1",Theorem 5.1,,"[""edge"", ""loop_bead"", ""theta_bead"", ""edge"", ""loop_bead"", ""theta_bead"", ""edge"", ""loop_bead"", ""theta_bead"", ""edge"", ""loop_bead"", ""theta_bead"", ""edge"", ""loop_bead"", ""theta_bead"", ""edge""]",de37d21d95f4fd2d,8a875638cc80fd0d33ce1c585301a4592503c0943266a251ed49300e6a90c18f,3f3b1e01fa61a895895c3dcf881aaaf6e83123d074e2e78078822e882b809b2e,PASS,"[0, 0, 0, 0, 0, 0, 0, 0, 0, 0, 0, 0, 0, 0, 0, 0]","[0, 0, 0, 0, 0, 0, 0, 0, 0, 0, 0, 0, 0, 0, 0, 0]",0,,PASS,,,,,ERROR
ed26c6f332ff,4,li_lei_li_vesnin_edge_replacement_validation,Li-Lei-Li-Vesnin edge replacement,lllv:theta:Theta17_edge_loop_bead_theta_bead,theta,17,Theta17_edge_loop_bead_theta_bead,theta,,,24,55,0,0,PASS,ok,0.033311582999886014,ERROR,timeout,60.017439584000385,,102.98615420899296,60.0,,,,"M. Li, F. Lei, F. Li, and A. Vesnin, On Yamada polynomial of spatial graphs obtained by edge replacements, arXiv:1801.09075, Theorem 5.1",Theorem 5.1,,"[""edge"", ""loop_bead"", ""theta_bead"", ""edge"", ""loop_bead"", ""theta_bead"", ""edge"", ""loop_bead"", ""theta_bead"", ""edge"", ""loop_bead"", ""theta_bead"", ""edge"", ""loop_bead"", ""theta_bead"", ""edge"", ""loop_bead""]",35736317e0a2a02a,d40ea70167456c5e8dd129d018301317e9f40d66d85676f2a9551ef4386e13cf,6d1fbc29bdbd43006c270c35f3bfb6a9d20ea2d3c67b4ab36b6ab3c5ea9319f9,PASS,"[0, 0, 0, 0, 0, 0, 0, 0, 0, 0, 0, 0, 0, 0, 0, 0, 0]","[0, 0, 0, 0, 0, 0, 0, 0, 0, 0, 0, 0, 0, 0, 0, 0, 0]",0,,PASS,,,,,ERROR
ed26c6f332ff,4,li_lei_li_vesnin_edge_replacement_validation,Li-Lei-Li-Vesnin edge replacement,lllv:theta:Theta18_edge_loop_bead_theta_bead,theta,18,Theta18_edge_loop_bead_theta_bead,theta,,,26,60,0,0,PASS,ok,0.030074333990341984,ERROR,timeout,60.01504008300253,,120.95168154200655,60.0,,,,"M. Li, F. Lei, F. Li, and A. Vesnin, On Yamada polynomial of spatial graphs obtained by edge replacements, arXiv:1801.09075, Theorem 5.1",Theorem 5.1,,"[""edge"", ""loop_bead"", ""theta_bead"", ""edge"", ""loop_bead"", ""theta_bead"", ""edge"", ""loop_bead"", ""theta_bead"", ""edge"", ""loop_bead"", ""theta_bead"", ""edge"", ""loop_bead"", ""theta_bead"", ""edge"", ""loop_bead"", ""theta_bead""]",3068c0d50f2bb528,f1305f9276fc8bea46961d1a7fabc5000f9e34ad9bad75cdf488f31e025cc635,b7fdf13e672ad644cfaef37e8a50425411c86b20e0dea752b8e7c6a23cdc504b,PASS,"[0, 0, 0, 0, 0, 0, 0, 0, 0, 0, 0, 0, 0, 0, 0, 0, 0, 0]","[0, 0, 0, 0, 0, 0, 0, 0, 0, 0, 0, 0, 0, 0, 0, 0, 0, 0]",0,,PASS,,,,,ERROR
ed26c6f332ff,4,li_lei_li_vesnin_edge_replacement_validation,Li-Lei-Li-Vesnin edge replacement,lllv:theta:Theta19_edge_loop_bead_theta_bead,theta,19,Theta19_edge_loop_bead_theta_bead,theta,,,26,61,0,0,PASS,ok,0.028635790993575938,ERROR,timeout,60.01623925000604,,123.37317225000879,60.0,,,,"M. Li, F. Lei, F. Li, and A. Vesnin, On Yamada polynomial of spatial graphs obtained by edge replacements, arXiv:1801.09075, Theorem 5.1",Theorem 5.1,,"[""edge"", ""loop_bead"", ""theta_bead"", ""edge"", ""loop_bead"", ""theta_bead"", ""edge"", ""loop_bead"", ""theta_bead"", ""edge"", ""loop_bead"", ""theta_bead"", ""edge"", ""loop_bead"", ""theta_bead"", ""edge"", ""loop_bead"", ""theta_bead"", ""edge""]",75c7056b638b84b7,2b287c30e652280a80a73868e6537dc9a60410c3c90a9a67b0c0e04b204a0580,01c77046a254a59ca2ac2a53b7bd11d469a72de1e199bc85baa0a79b830259ba,PASS,"[0, 0, 0, 0, 0, 0, 0, 0, 0, 0, 0, 0, 0, 0, 0, 0, 0, 0, 0]","[0, 0, 0, 0, 0, 0, 0, 0, 0, 0, 0, 0, 0, 0, 0, 0, 0, 0, 0]",0,,PASS,,,,,ERROR
ed26c6f332ff,4,li_lei_li_vesnin_edge_replacement_validation,Li-Lei-Li-Vesnin edge replacement,lllv:theta:Theta20_edge_loop_bead_theta_bead,theta,20,Theta20_edge_loop_bead_theta_bead,theta,,,28,65,0,0,PASS,ok,0.04111870899214409,ERROR,timeout,60.01883595800609,,162.2255485420028,60.0,,,,"M. Li, F. Lei, F. Li, and A. Vesnin, On Yamada polynomial of spatial graphs obtained by edge replacements, arXiv:1801.09075, Theorem 5.1",Theorem 5.1,,"[""edge"", ""loop_bead"", ""theta_bead"", ""edge"", ""loop_bead"", ""theta_bead"", ""edge"", ""loop_bead"", ""theta_bead"", ""edge"", ""loop_bead"", ""theta_bead"", ""edge"", ""loop_bead"", ""theta_bead"", ""edge"", ""loop_bead"", ""theta_bead"", ""edge"", ""loop_bead""]",5dc936203787e45e,e370af325ba92a70e49cc81abca1858871491abe4e3c4c4cf7d76d62cd428140,825a7b466adafbfb0190ea40ae0b666830f4ddc332f3e78a8aeb5d5c4a117c4d,PASS,"[0, 0, 0, 0, 0, 0, 0, 0, 0, 0, 0, 0, 0, 0, 0, 0, 0, 0, 0, 0]","[0, 0, 0, 0, 0, 0, 0, 0, 0, 0, 0, 0, 0, 0, 0, 0, 0, 0, 0, 0]",0,,PASS,,,,,ERROR
ed26c6f332ff,4,li_lei_li_vesnin_edge_replacement_validation,Li-Lei-Li-Vesnin edge replacement,lllv:theta:Theta21_edge_loop_bead_theta_bead,theta,21,Theta21_edge_loop_bead_theta_bead,theta,,,30,70,0,0,PASS,ok,0.03078270799596794,ERROR,timeout,60.01415975000418,,200.69463137499406,60.0,,,,"M. Li, F. Lei, F. Li, and A. Vesnin, On Yamada polynomial of spatial graphs obtained by edge replacements, arXiv:1801.09075, Theorem 5.1",Theorem 5.1,,"[""edge"", ""loop_bead"", ""theta_bead"", ""edge"", ""loop_bead"", ""theta_bead"", ""edge"", ""loop_bead"", ""theta_bead"", ""edge"", ""loop_bead"", ""theta_bead"", ""edge"", ""loop_bead"", ""theta_bead"", ""edge"", ""loop_bead"", ""theta_bead"", ""edge"", ""loop_bead"", ""theta_bead""]",192bcea8cd675119,e6f64fc58354e5cb13abe9392002496fddaea632529e992f295075a4b55f8ee3,2adbc4a1ad1ae07f25f99833b141ab63f616f54daa25887a109af790910b48e7,PASS,"[0, 0, 0, 0, 0, 0, 0, 0, 0, 0, 0, 0, 0, 0, 0, 0, 0, 0, 0, 0, 0]","[0, 0, 0, 0, 0, 0, 0, 0, 0, 0, 0, 0, 0, 0, 0, 0, 0, 0, 0, 0, 0]",0,,PASS,,,,,ERROR
ed26c6f332ff,4,li_lei_li_vesnin_edge_replacement_validation,Li-Lei-Li-Vesnin edge replacement,lllv:theta:Theta22_edge_loop_bead_theta_bead,theta,22,Theta22_edge_loop_bead_theta_bead,theta,,,30,71,0,0,PASS,ok,0.03327674999309238,ERROR,timeout,60.01279845899262,,231.05051041599654,60.0,,,,"M. Li, F. Lei, F. Li, and A. Vesnin, On Yamada polynomial of spatial graphs obtained by edge replacements, arXiv:1801.09075, Theorem 5.1",Theorem 5.1,,"[""edge"", ""loop_bead"", ""theta_bead"", ""edge"", ""loop_bead"", ""theta_bead"", ""edge"", ""loop_bead"", ""theta_bead"", ""edge"", ""loop_bead"", ""theta_bead"", ""edge"", ""loop_bead"", ""theta_bead"", ""edge"", ""loop_bead"", ""theta_bead"", ""edge"", ""loop_bead"", ""theta_bead"", ""edge""]",e882627d83af69bd,cc7863670dff33ba6591c203d2407b34c8e4839a99e5d4b05f134b4325d4e8e3,f510c3dd7d008572a09463617a761f9429b6ad081e38aab9a9fba8d4f738f6a0,PASS,"[0, 0, 0, 0, 0, 0, 0, 0, 0, 0, 0, 0, 0, 0, 0, 0, 0, 0, 0, 0, 0, 0]","[0, 0, 0, 0, 0, 0, 0, 0, 0, 0, 0, 0, 0, 0, 0, 0, 0, 0, 0, 0, 0, 0]",0,,PASS,,,,,ERROR
ed26c6f332ff,4,li_lei_li_vesnin_edge_replacement_validation,Li-Lei-Li-Vesnin edge replacement,lllv:theta:Theta23_edge_loop_bead_theta_bead,theta,23,Theta23_edge_loop_bead_theta_bead,theta,,,32,75,0,0,PASS,ok,0.036313499993411824,ERROR,timeout,60.01253683400864,,299.7691702500015,60.0,,,,"M. Li, F. Lei, F. Li, and A. Vesnin, On Yamada polynomial of spatial graphs obtained by edge replacements, arXiv:1801.09075, Theorem 5.1",Theorem 5.1,,"[""edge"", ""loop_bead"", ""theta_bead"", ""edge"", ""loop_bead"", ""theta_bead"", ""edge"", ""loop_bead"", ""theta_bead"", ""edge"", ""loop_bead"", ""theta_bead"", ""edge"", ""loop_bead"", ""theta_bead"", ""edge"", ""loop_bead"", ""theta_bead"", ""edge"", ""loop_bead"", ""theta_bead"", ""edge"", ""loop_bead""]",ac4505b5e98e1b67,226ae9e5f56f0369651561d1615e68a012e80af0fb5e543e7f1becd55bcf3e3b,3ab44edf5a324dca594d5a73ba78b58b50cac4a11fd7a16d2a6caa6d20de264a,PASS,"[0, 0, 0, 0, 0, 0, 0, 0, 0, 0, 0, 0, 0, 0, 0, 0, 0, 0, 0, 0, 0, 0, 0]","[0, 0, 0, 0, 0, 0, 0, 0, 0, 0, 0, 0, 0, 0, 0, 0, 0, 0, 0, 0, 0, 0, 0]",0,,PASS,,,,,ERROR
ed26c6f332ff,4,li_lei_li_vesnin_edge_replacement_validation,Li-Lei-Li-Vesnin edge replacement,lllv:theta:Theta24_edge_loop_bead_theta_bead,theta,24,Theta24_edge_loop_bead_theta_bead,theta,,,34,80,0,0,PASS,ok,0.03644595798687078,ERROR,timeout,60.0104249589931,,404.35213262500474,60.0,,,,"M. Li, F. Lei, F. Li, and A. Vesnin, On Yamada polynomial of spatial graphs obtained by edge replacements, arXiv:1801.09075, Theorem 5.1",Theorem 5.1,,"[""edge"", ""loop_bead"", ""theta_bead"", ""edge"", ""loop_bead"", ""theta_bead"", ""edge"", ""loop_bead"", ""theta_bead"", ""edge"", ""loop_bead"", ""theta_bead"", ""edge"", ""loop_bead"", ""theta_bead"", ""edge"", ""loop_bead"", ""theta_bead"", ""edge"", ""loop_bead"", ""theta_bead"", ""edge"", ""loop_bead"", ""theta_bead""]",8c6eb7c05cd4c32f,8f23c0987c047a5a8e8d7e5d8b6ef85b7687e93c29636c34aafe6934c525a4a9,002769afff88840584ce35a216470802cf61bc808801a9c2a51c44c0ce614f90,PASS,"[0, 0, 0, 0, 0, 0, 0, 0, 0, 0, 0, 0, 0, 0, 0, 0, 0, 0, 0, 0, 0, 0, 0, 0]","[0, 0, 0, 0, 0, 0, 0, 0, 0, 0, 0, 0, 0, 0, 0, 0, 0, 0, 0, 0, 0, 0, 0, 0]",0,,PASS,,,,,ERROR
ed26c6f332ff,4,li_lei_li_vesnin_edge_replacement_validation,Li-Lei-Li-Vesnin edge replacement,lllv:theta:Theta25_edge_loop_bead_theta_bead,theta,25,Theta25_edge_loop_bead_theta_bead,theta,,,34,81,0,0,PASS,ok,0.05111683400173206,ERROR,timeout,60.012029916993924,,437.3621151660045,60.0,,,,"M. Li, F. Lei, F. Li, and A. Vesnin, On Yamada polynomial of spatial graphs obtained by edge replacements, arXiv:1801.09075, Theorem 5.1",Theorem 5.1,,"[""edge"", ""loop_bead"", ""theta_bead"", ""edge"", ""loop_bead"", ""theta_bead"", ""edge"", ""loop_bead"", ""theta_bead"", ""edge"", ""loop_bead"", ""theta_bead"", ""edge"", ""loop_bead"", ""theta_bead"", ""edge"", ""loop_bead"", ""theta_bead"", ""edge"", ""loop_bead"", ""theta_bead"", ""edge"", ""loop_bead"", ""theta_bead"", ""edge""]",fd18a558ceea45fa,852e6479ba05199514f1b15fc54c8975f63c031867bc5e8fd84911e75d0d124a,be3da259334a582aeb0e10fa230c7cf907fe01b67b6a6f496c377b72b5216d46,PASS,"[0, 0, 0, 0, 0, 0, 0, 0, 0, 0, 0, 0, 0, 0, 0, 0, 0, 0, 0, 0, 0, 0, 0, 0, 0]","[0, 0, 0, 0, 0, 0, 0, 0, 0, 0, 0, 0, 0, 0, 0, 0, 0, 0, 0, 0, 0, 0, 0, 0, 0]",0,,PASS,,,,,ERROR
ed26c6f332ff,4,li_lei_li_vesnin_edge_replacement_validation,Li-Lei-Li-Vesnin edge replacement,lllv:theta:Theta26_edge_loop_bead_theta_bead,theta,26,Theta26_edge_loop_bead_theta_bead,theta,,,36,85,0,0,PASS,ok,0.04751675001170952,ERROR,timeout,60.011827709007775,,584.2593707500055,60.0,,,,"M. Li, F. Lei, F. Li, and A. Vesnin, On Yamada polynomial of spatial graphs obtained by edge replacements, arXiv:1801.09075, Theorem 5.1",Theorem 5.1,,"[""edge"", ""loop_bead"", ""theta_bead"", ""edge"", ""loop_bead"", ""theta_bead"", ""edge"", ""loop_bead"", ""theta_bead"", ""edge"", ""loop_bead"", ""theta_bead"", ""edge"", ""loop_bead"", ""theta_bead"", ""edge"", ""loop_bead"", ""theta_bead"", ""edge"", ""loop_bead"", ""theta_bead"", ""edge"", ""loop_bead"", ""theta_bead"", ""edge"", ""loop_bead""]",5a695ec7359e44a0,7ce563ce2b95c9233b66c87de54a326ecd429f2d7b68bf765e498f1c9595a6ec,e37169da124b5e62d11cf5b36df800d77fc239b39c4819756bb41720b9d14668,PASS,"[0, 0, 0, 0, 0, 0, 0, 0, 0, 0, 0, 0, 0, 0, 0, 0, 0, 0, 0, 0, 0, 0, 0, 0, 0, 0]","[0, 0, 0, 0, 0, 0, 0, 0, 0, 0, 0, 0, 0, 0, 0, 0, 0, 0, 0, 0, 0, 0, 0, 0, 0, 0]",0,,PASS,,,,,ERROR
ed26c6f332ff,4,li_lei_li_vesnin_edge_replacement_validation,Li-Lei-Li-Vesnin edge replacement,lllv:theta:Theta27_edge_loop_bead_theta_bead,theta,27,Theta27_edge_loop_bead_theta_bead,theta,,,38,90,0,0,PASS,ok,0.07185074999870267,ERROR,timeout,60.01519333299075,,1144.916132415994,60.0,,,,"M. Li, F. Lei, F. Li, and A. Vesnin, On Yamada polynomial of spatial graphs obtained by edge replacements, arXiv:1801.09075, Theorem 5.1",Theorem 5.1,,"[""edge"", ""loop_bead"", ""theta_bead"", ""edge"", ""loop_bead"", ""theta_bead"", ""edge"", ""loop_bead"", ""theta_bead"", ""edge"", ""loop_bead"", ""theta_bead"", ""edge"", ""loop_bead"", ""theta_bead"", ""edge"", ""loop_bead"", ""theta_bead"", ""edge"", ""loop_bead"", ""theta_bead"", ""edge"", ""loop_bead"", ""theta_bead"", ""edge"", ""loop_bead"", ""theta_bead""]",38da5eb6066cf975,09bf862d9080a4bcd73f774a6b88c54073772d7ff0301e66437751f887fbc8b8,41e19739b7994b49aff10d26dfd307c764c679c72861fb68f5a1606a22bdf819,PASS,"[0, 0, 0, 0, 0, 0, 0, 0, 0, 0, 0, 0, 0, 0, 0, 0, 0, 0, 0, 0, 0, 0, 0, 0, 0, 0, 0]","[0, 0, 0, 0, 0, 0, 0, 0, 0, 0, 0, 0, 0, 0, 0, 0, 0, 0, 0, 0, 0, 0, 0, 0, 0, 0, 0]",0,,PASS,,,,,ERROR
ed26c6f332ff,4,li_lei_li_vesnin_edge_replacement_validation,Li-Lei-Li-Vesnin edge replacement,lllv:theta:Theta28_edge_loop_bead_theta_bead,theta,28,Theta28_edge_loop_bead_theta_bead,theta,,,38,91,0,0,PASS,ok,0.05511345800186973,ERROR,timeout,60.011943290999625,,814.7105520420009,60.0,,,,"M. Li, F. Lei, F. Li, and A. Vesnin, On Yamada polynomial of spatial graphs obtained by edge replacements, arXiv:1801.09075, Theorem 5.1",Theorem 5.1,,"[""edge"", ""loop_bead"", ""theta_bead"", ""edge"", ""loop_bead"", ""theta_bead"", ""edge"", ""loop_bead"", ""theta_bead"", ""edge"", ""loop_bead"", ""theta_bead"", ""edge"", ""loop_bead"", ""theta_bead"", ""edge"", ""loop_bead"", ""theta_bead"", ""edge"", ""loop_bead"", ""theta_bead"", ""edge"", ""loop_bead"", ""theta_bead"", ""edge"", ""loop_bead"", ""theta_bead"", ""edge""]",e0576643aa79d1cc,0ca42337031e52ba7e57211f6b00631fa80ac0b7d11d660c99f967524081e0d8,36ffe2e378dacf0c32077dd31bae94fc789c22b9efc2718293727fbb19f0a83c,PASS,"[0, 0, 0, 0, 0, 0, 0, 0, 0, 0, 0, 0, 0, 0, 0, 0, 0, 0, 0, 0, 0, 0, 0, 0, 0, 0, 0, 0]","[0, 0, 0, 0, 0, 0, 0, 0, 0, 0, 0, 0, 0, 0, 0, 0, 0, 0, 0, 0, 0, 0, 0, 0, 0, 0, 0, 0]",0,,PASS,,,,,ERROR
ed26c6f332ff,4,li_lei_li_vesnin_edge_replacement_validation,Li-Lei-Li-Vesnin edge replacement,lllv:theta:Theta29_edge_loop_bead_theta_bead,theta,29,Theta29_edge_loop_bead_theta_bead,theta,,,40,95,0,0,PASS,ok,0.03637412501848303,ERROR,timeout,60.00976504199207,,946.4608990419947,60.0,,,,"M. Li, F. Lei, F. Li, and A. Vesnin, On Yamada polynomial of spatial graphs obtained by edge replacements, arXiv:1801.09075, Theorem 5.1",Theorem 5.1,,"[""edge"", ""loop_bead"", ""theta_bead"", ""edge"", ""loop_bead"", ""theta_bead"", ""edge"", ""loop_bead"", ""theta_bead"", ""edge"", ""loop_bead"", ""theta_bead"", ""edge"", ""loop_bead"", ""theta_bead"", ""edge"", ""loop_bead"", ""theta_bead"", ""edge"", ""loop_bead"", ""theta_bead"", ""edge"", ""loop_bead"", ""theta_bead"", ""edge"", ""loop_bead"", ""theta_bead"", ""edge"", ""loop_bead""]",b9f0a3faf8e7db72,0609f27297f5be3796d66f1b60de8917f6a50fac2cb7f9015871014d1428c123,96f3fb1c1b81d46b803437670daa41f74808a6ed7a8c3aa8b8738cc22a5f0432,PASS,"[0, 0, 0, 0, 0, 0, 0, 0, 0, 0, 0, 0, 0, 0, 0, 0, 0, 0, 0, 0, 0, 0, 0, 0, 0, 0, 0, 0, 0]","[0, 0, 0, 0, 0, 0, 0, 0, 0, 0, 0, 0, 0, 0, 0, 0, 0, 0, 0, 0, 0, 0, 0, 0, 0, 0, 0, 0, 0]",0,,PASS,,,,,ERROR
ed26c6f332ff,4,li_lei_li_vesnin_edge_replacement_validation,Li-Lei-Li-Vesnin edge replacement,lllv:bouquet:B14_edge,bouquet,14,B14_edge,bouquet,,,1,14,0,0,PASS,ok,0.021122625010320917,PASS,ok,0.5791575409821235,27.41882416125534,1.5148206250160001,60.0,,,,"M. Li, F. Lei, F. Li, and A. Vesnin, On Yamada polynomial of spatial graphs obtained by edge replacements, arXiv:1801.09075, Theorem 5.1",Theorem 5.1,,"[""edge"", ""edge"", ""edge"", ""edge"", ""edge"", ""edge"", ""edge"", ""edge"", ""edge"", ""edge"", ""edge"", ""edge"", ""edge"", ""edge""]",bb430c5d749b93ad,7c6cb33dd1179a3da49e43630216e99fcb5ec13d6f927e314ad8fe8e5bc711f2,827dfaec313637d46964a01b2060018dcdcf081713916e7137b5b5bc9e3c7be2,PASS,"[0, 0, 0, 0, 0, 0, 0, 0, 0, 0, 0, 0, 0, 0]","[0, 0, 0, 0, 0, 0, 0, 0, 0, 0, 0, 0, 0, 0]",0,,PASS,0,1,1,,PASS
ed26c6f332ff,4,li_lei_li_vesnin_edge_replacement_validation,Li-Lei-Li-Vesnin edge replacement,lllv:bouquet:B15_edge,bouquet,15,B15_edge,bouquet,,,1,15,0,0,PASS,ok,0.017540458007715642,PASS,ok,0.4657432499807328,26.552513610298153,1.413338542013662,60.0,,,,"M. Li, F. Lei, F. Li, and A. Vesnin, On Yamada polynomial of spatial graphs obtained by edge replacements, arXiv:1801.09075, Theorem 5.1",Theorem 5.1,,"[""edge"", ""edge"", ""edge"", ""edge"", ""edge"", ""edge"", ""edge"", ""edge"", ""edge"", ""edge"", ""edge"", ""edge"", ""edge"", ""edge"", ""edge""]",07120a2da1a559fd,70514242c5fb1fcf0d240a6bed6841d9b13492efe799a39df427e071a413e244,a1c7c02c2ad25a2678f5d602ec7766e87bd75231bb221422fa4bbc301557b244,PASS,"[0, 0, 0, 0, 0, 0, 0, 0, 0, 0, 0, 0, 0, 0, 0]","[0, 0, 0, 0, 0, 0, 0, 0, 0, 0, 0, 0, 0, 0, 0]",0,,PASS,0,1,1,,PASS
ed26c6f332ff,4,li_lei_li_vesnin_edge_replacement_validation,Li-Lei-Li-Vesnin edge replacement,lllv:bouquet:B16_edge,bouquet,16,B16_edge,bouquet,,,1,16,0,0,PASS,ok,0.01807700001518242,PASS,ok,0.5224427499924786,28.90096529035194,1.4363368329941295,60.0,,,,"M. Li, F. Lei, F. Li, and A. Vesnin, On Yamada polynomial of spatial graphs obtained by edge replacements, arXiv:1801.09075, Theorem 5.1",Theorem 5.1,,"[""edge"", ""edge"", ""edge"", ""edge"", ""edge"", ""edge"", ""edge"", ""edge"", ""edge"", ""edge"", ""edge"", ""edge"", ""edge"", ""edge"", ""edge"", ""edge""]",05ffd5f8c3535844,fdfddf830000298f62f0b4a5bbe40a487280c475c9809b1e4ff4942d352dfec7,c5e2e73b8c45f200b016c4942eb076632271ec15bb0c2aaca6a930b34181869b,PASS,"[0, 0, 0, 0, 0, 0, 0, 0, 0, 0, 0, 0, 0, 0, 0, 0]","[0, 0, 0, 0, 0, 0, 0, 0, 0, 0, 0, 0, 0, 0, 0, 0]",0,,PASS,0,1,1,,PASS
ed26c6f332ff,4,li_lei_li_vesnin_edge_replacement_validation,Li-Lei-Li-Vesnin edge replacement,lllv:bouquet:B17_edge,bouquet,17,B17_edge,bouquet,,,1,17,0,0,PASS,ok,0.01961408299393952,PASS,ok,0.5304046249948442,27.04203021669338,1.5346886249899399,60.0,,,,"M. Li, F. Lei, F. Li, and A. Vesnin, On Yamada polynomial of spatial graphs obtained by edge replacements, arXiv:1801.09075, Theorem 5.1",Theorem 5.1,,"[""edge"", ""edge"", ""edge"", ""edge"", ""edge"", ""edge"", ""edge"", ""edge"", ""edge"", ""edge"", ""edge"", ""edge"", ""edge"", ""edge"", ""edge"", ""edge"", ""edge""]",ac740fdfac6d5cdb,234fd3c8f1a02753ae8c0b5bc2808e403074a49a7797f4fab3a8e87893ea1490,8ffea1e28d48278c5b46e70328115682c949af72f666cc111489c05cc4019f9d,PASS,"[0, 0, 0, 0, 0, 0, 0, 0, 0, 0, 0, 0, 0, 0, 0, 0, 0]","[0, 0, 0, 0, 0, 0, 0, 0, 0, 0, 0, 0, 0, 0, 0, 0, 0]",0,,PASS,0,1,1,,PASS
ed26c6f332ff,4,li_lei_li_vesnin_edge_replacement_validation,Li-Lei-Li-Vesnin edge replacement,lllv:bouquet:B18_edge,bouquet,18,B18_edge,bouquet,,,1,18,0,0,PASS,ok,0.024062667012913153,PASS,ok,0.5613007080100942,23.326620765224156,1.8307705829793122,60.0,,,,"M. Li, F. Lei, F. Li, and A. Vesnin, On Yamada polynomial of spatial graphs obtained by edge replacements, arXiv:1801.09075, Theorem 5.1",Theorem 5.1,,"[""edge"", ""edge"", ""edge"", ""edge"", ""edge"", ""edge"", ""edge"", ""edge"", ""edge"", ""edge"", ""edge"", ""edge"", ""edge"", ""edge"", ""edge"", ""edge"", ""edge"", ""edge""]",12c2f8d06050b09c,3264df92fb515bd2951874928d49884d6165c9aeb5afc6d4927dda70a106c10f,27dbc93fec4839658d7a26c039d2b90fa72494d6b9d33f50540f45844f2943c3,PASS,"[0, 0, 0, 0, 0, 0, 0, 0, 0, 0, 0, 0, 0, 0, 0, 0, 0, 0]","[0, 0, 0, 0, 0, 0, 0, 0, 0, 0, 0, 0, 0, 0, 0, 0, 0, 0]",0,,PASS,0,1,1,,PASS
ed26c6f332ff,4,li_lei_li_vesnin_edge_replacement_validation,Li-Lei-Li-Vesnin edge replacement,lllv:bouquet:B19_edge,bouquet,19,B19_edge,bouquet,,,1,19,0,0,PASS,ok,0.02202537501580082,PASS,ok,0.5175914170104079,23.49977771725077,1.5193523330090102,60.0,,,,"M. Li, F. Lei, F. Li, and A. Vesnin, On Yamada polynomial of spatial graphs obtained by edge replacements, arXiv:1801.09075, Theorem 5.1",Theorem 5.1,,"[""edge"", ""edge"", ""edge"", ""edge"", ""edge"", ""edge"", ""edge"", ""edge"", ""edge"", ""edge"", ""edge"", ""edge"", ""edge"", ""edge"", ""edge"", ""edge"", ""edge"", ""edge"", ""edge""]",9660fece38c4c535,025da063ddfa15b463041ada7ebce434259bdabd424e67d0ed2b7bfe019f4cd1,f59f1d6883ccd20c69dc402d601d38e7fe07406876283320a72773d3e9de78cb,PASS,"[0, 0, 0, 0, 0, 0, 0, 0, 0, 0, 0, 0, 0, 0, 0, 0, 0, 0, 0]","[0, 0, 0, 0, 0, 0, 0, 0, 0, 0, 0, 0, 0, 0, 0, 0, 0, 0, 0]",0,,PASS,0,1,1,,PASS
ed26c6f332ff,4,li_lei_li_vesnin_edge_replacement_validation,Li-Lei-Li-Vesnin edge replacement,lllv:bouquet:B20_edge,bouquet,20,B20_edge,bouquet,,,1,20,0,0,PASS,ok,0.02207449998240918,PASS,ok,0.48459054101840593,21.952503631093276,1.522959791996982,60.0,,,,"M. Li, F. Lei, F. Li, and A. Vesnin, On Yamada polynomial of spatial graphs obtained by edge replacements, arXiv:1801.09075, Theorem 5.1",Theorem 5.1,,"[""edge"", ""edge"", ""edge"", ""edge"", ""edge"", ""edge"", ""edge"", ""edge"", ""edge"", ""edge"", ""edge"", ""edge"", ""edge"", ""edge"", ""edge"", ""edge"", ""edge"", ""edge"", ""edge"", ""edge""]",947783de092382fe,662a1c1d34fc3bda35f97914e5447ea618725d10129ede7e5545b383662558d8,a6f74bdf5d313d5d0317dbbb8358f0c5311bb9869c9fdc4de0c184364c95b170,PASS,"[0, 0, 0, 0, 0, 0, 0, 0, 0, 0, 0, 0, 0, 0, 0, 0, 0, 0, 0, 0]","[0, 0, 0, 0, 0, 0, 0, 0, 0, 0, 0, 0, 0, 0, 0, 0, 0, 0, 0, 0]",0,,PASS,0,1,1,,PASS
ed26c6f332ff,4,li_lei_li_vesnin_edge_replacement_validation,Li-Lei-Li-Vesnin edge replacement,lllv:bouquet:B21_edge,bouquet,21,B21_edge,bouquet,,,1,21,0,0,PASS,ok,0.0232977079867851,PASS,ok,0.5215934159932658,22.38818583738467,1.536729750019731,60.0,,,,"M. Li, F. Lei, F. Li, and A. Vesnin, On Yamada polynomial of spatial graphs obtained by edge replacements, arXiv:1801.09075, Theorem 5.1",Theorem 5.1,,"[""edge"", ""edge"", ""edge"", ""edge"", ""edge"", ""edge"", ""edge"", ""edge"", ""edge"", ""edge"", ""edge"", ""edge"", ""edge"", ""edge"", ""edge"", ""edge"", ""edge"", ""edge"", ""edge"", ""edge"", ""edge""]",a1811a705863d3e9,92ee41b5c706fe0580474d3d6e5d636cfe544ebff072373f256095c586100fda,cc354662ddf87c631a119f7d7ba25a8bab09dd6986ed41c32b191dedca9e9e82,PASS,"[0, 0, 0, 0, 0, 0, 0, 0, 0, 0, 0, 0, 0, 0, 0, 0, 0, 0, 0, 0, 0]","[0, 0, 0, 0, 0, 0, 0, 0, 0, 0, 0, 0, 0, 0, 0, 0, 0, 0, 0, 0, 0]",0,,PASS,0,1,1,,PASS
ed26c6f332ff,4,li_lei_li_vesnin_edge_replacement_validation,Li-Lei-Li-Vesnin edge replacement,lllv:bouquet:B22_edge,bouquet,22,B22_edge,bouquet,,,1,22,0,0,PASS,ok,0.017505958006950095,PASS,ok,0.3519237919826992,20.10308672298773,1.0751722080167383,60.0,,,,"M. Li, F. Lei, F. Li, and A. Vesnin, On Yamada polynomial of spatial graphs obtained by edge replacements, arXiv:1801.09075, Theorem 5.1",Theorem 5.1,,"[""edge"", ""edge"", ""edge"", ""edge"", ""edge"", ""edge"", ""edge"", ""edge"", ""edge"", ""edge"", ""edge"", ""edge"", ""edge"", ""edge"", ""edge"", ""edge"", ""edge"", ""edge"", ""edge"", ""edge"", ""edge"", ""edge""]",56f2203363a8433a,60d80e172884ce01370673a0a93987dbcefa0e88ddadc41b59b7272efe09372e,f004a6799067a57ea437f487e459bd27877e341dc8bb1d6d270d6d6579a54f49,PASS,"[0, 0, 0, 0, 0, 0, 0, 0, 0, 0, 0, 0, 0, 0, 0, 0, 0, 0, 0, 0, 0, 0]","[0, 0, 0, 0, 0, 0, 0, 0, 0, 0, 0, 0, 0, 0, 0, 0, 0, 0, 0, 0, 0, 0]",0,,PASS,0,1,1,,PASS
ed26c6f332ff,4,li_lei_li_vesnin_edge_replacement_validation,Li-Lei-Li-Vesnin edge replacement,lllv:bouquet:B23_edge,bouquet,23,B23_edge,bouquet,,,1,23,0,0,PASS,ok,0.01687324998783879,PASS,ok,0.3537567089952063,20.96553475176226,1.0751253749767784,60.0,,,,"M. Li, F. Lei, F. Li, and A. Vesnin, On Yamada polynomial of spatial graphs obtained by edge replacements, arXiv:1801.09075, Theorem 5.1",Theorem 5.1,,"[""edge"", ""edge"", ""edge"", ""edge"", ""edge"", ""edge"", ""edge"", ""edge"", ""edge"", ""edge"", ""edge"", ""edge"", ""edge"", ""edge"", ""edge"", ""edge"", ""edge"", ""edge"", ""edge"", ""edge"", ""edge"", ""edge"", ""edge""]",40c3efc7a3e37b2f,331acc0c910e774009b413a9d2c489476ce6102f68fa0e04f9c0f3969bb5a880,df36a828efdfbe176dfca814d77c2f112aee3bcee3db0f54247d04a1c20d54e7,PASS,"[0, 0, 0, 0, 0, 0, 0, 0, 0, 0, 0, 0, 0, 0, 0, 0, 0, 0, 0, 0, 0, 0, 0]","[0, 0, 0, 0, 0, 0, 0, 0, 0, 0, 0, 0, 0, 0, 0, 0, 0, 0, 0, 0, 0, 0, 0]",0,,PASS,0,1,1,,PASS
ed26c6f332ff,4,li_lei_li_vesnin_edge_replacement_validation,Li-Lei-Li-Vesnin edge replacement,lllv:bouquet:B24_edge,bouquet,24,B24_edge,bouquet,,,1,24,0,0,PASS,ok,0.01717587499297224,PASS,ok,0.351506667007925,20.465138873667225,1.0485272920050193,60.0,,,,"M. Li, F. Lei, F. Li, and A. Vesnin, On Yamada polynomial of spatial graphs obtained by edge replacements, arXiv:1801.09075, Theorem 5.1",Theorem 5.1,,"[""edge"", ""edge"", ""edge"", ""edge"", ""edge"", ""edge"", ""edge"", ""edge"", ""edge"", ""edge"", ""edge"", ""edge"", ""edge"", ""edge"", ""edge"", ""edge"", ""edge"", ""edge"", ""edge"", ""edge"", ""edge"", ""edge"", ""edge"", ""edge""]",3baddb4d41794608,decc8fd5f04c36545266b6ab11eed09e48968867d361b0e43bb45f07c7e1f1c8,97cb191175a90368de04e9bb4511091c46df4a55cfe3a0a6adc8299893100267,PASS,"[0, 0, 0, 0, 0, 0, 0, 0, 0, 0, 0, 0, 0, 0, 0, 0, 0, 0, 0, 0, 0, 0, 0, 0]","[0, 0, 0, 0, 0, 0, 0, 0, 0, 0, 0, 0, 0, 0, 0, 0, 0, 0, 0, 0, 0, 0, 0, 0]",0,,PASS,0,1,1,,PASS
ed26c6f332ff,4,li_lei_li_vesnin_edge_replacement_validation,Li-Lei-Li-Vesnin edge replacement,lllv:bouquet:B25_edge,bouquet,25,B25_edge,bouquet,,,1,25,0,0,PASS,ok,0.01734729198506102,PASS,ok,0.3514914170082193,20.262033827003858,1.0373174580163322,60.0,,,,"M. Li, F. Lei, F. Li, and A. Vesnin, On Yamada polynomial of spatial graphs obtained by edge replacements, arXiv:1801.09075, Theorem 5.1",Theorem 5.1,,"[""edge"", ""edge"", ""edge"", ""edge"", ""edge"", ""edge"", ""edge"", ""edge"", ""edge"", ""edge"", ""edge"", ""edge"", ""edge"", ""edge"", ""edge"", ""edge"", ""edge"", ""edge"", ""edge"", ""edge"", ""edge"", ""edge"", ""edge"", ""edge"", ""edge""]",b299cc6efaea4581,c7d9c361268a5a68ce5f3f0a0f85b113e37d7e88e64067d04d06e0fddb9cae1f,3a1ed029415138e97898b3cb08f1c6a34bf8c1a48cddf76986b6997061db21e2,PASS,"[0, 0, 0, 0, 0, 0, 0, 0, 0, 0, 0, 0, 0, 0, 0, 0, 0, 0, 0, 0, 0, 0, 0, 0, 0]","[0, 0, 0, 0, 0, 0, 0, 0, 0, 0, 0, 0, 0, 0, 0, 0, 0, 0, 0, 0, 0, 0, 0, 0, 0]",0,,PASS,0,1,1,,PASS
ed26c6f332ff,4,li_lei_li_vesnin_edge_replacement_validation,Li-Lei-Li-Vesnin edge replacement,lllv:bouquet:B26_edge,bouquet,26,B26_edge,bouquet,,,1,26,0,0,PASS,ok,0.01872679198277183,PASS,ok,0.3527239160030149,18.835255730266663,1.0468047499889508,60.0,,,,"M. Li, F. Lei, F. Li, and A. Vesnin, On Yamada polynomial of spatial graphs obtained by edge replacements, arXiv:1801.09075, Theorem 5.1",Theorem 5.1,,"[""edge"", ""edge"", ""edge"", ""edge"", ""edge"", ""edge"", ""edge"", ""edge"", ""edge"", ""edge"", ""edge"", ""edge"", ""edge"", ""edge"", ""edge"", ""edge"", ""edge"", ""edge"", ""edge"", ""edge"", ""edge"", ""edge"", ""edge"", ""edge"", ""edge"", ""edge""]",539bdd5376771c24,f23a4e8116a23ec8676ab58eec85b2841a0ac9f207a26fe50d0ac84021782677,ad208a7e242da3f76d18401f9a55c27dbfd5504c0c41abc48a52c1d4f94c6a2a,PASS,"[0, 0, 0, 0, 0, 0, 0, 0, 0, 0, 0, 0, 0, 0, 0, 0, 0, 0, 0, 0, 0, 0, 0, 0, 0, 0]","[0, 0, 0, 0, 0, 0, 0, 0, 0, 0, 0, 0, 0, 0, 0, 0, 0, 0, 0, 0, 0, 0, 0, 0, 0, 0]",0,,PASS,0,1,1,,PASS
ed26c6f332ff,4,li_lei_li_vesnin_edge_replacement_validation,Li-Lei-Li-Vesnin edge replacement,lllv:bouquet:B27_edge,bouquet,27,B27_edge,bouquet,,,1,27,0,0,PASS,ok,0.017831250006565824,PASS,ok,0.3518667909957003,19.73315336087688,1.046853874984663,60.0,,,,"M. Li, F. Lei, F. Li, and A. Vesnin, On Yamada polynomial of spatial graphs obtained by edge replacements, arXiv:1801.09075, Theorem 5.1",Theorem 5.1,,"[""edge"", ""edge"", ""edge"", ""edge"", ""edge"", ""edge"", ""edge"", ""edge"", ""edge"", ""edge"", ""edge"", ""edge"", ""edge"", ""edge"", ""edge"", ""edge"", ""edge"", ""edge"", ""edge"", ""edge"", ""edge"", ""edge"", ""edge"", ""edge"", ""edge"", ""edge"", ""edge""]",94c146ef8b60ffcc,78ee8ebe6bdf8acfcad16dfe77dc135b82f309f78df7dc03aeff8344253e185b,ca0d4eef43a752c1fa003242d7eef7395c275e36bcc4252fa0580aac76d49c1a,PASS,"[0, 0, 0, 0, 0, 0, 0, 0, 0, 0, 0, 0, 0, 0, 0, 0, 0, 0, 0, 0, 0, 0, 0, 0, 0, 0, 0]","[0, 0, 0, 0, 0, 0, 0, 0, 0, 0, 0, 0, 0, 0, 0, 0, 0, 0, 0, 0, 0, 0, 0, 0, 0, 0, 0]",0,,PASS,0,1,1,,PASS
ed26c6f332ff,4,li_lei_li_vesnin_edge_replacement_validation,Li-Lei-Li-Vesnin edge replacement,lllv:bouquet:B28_edge,bouquet,28,B28_edge,bouquet,,,1,28,0,0,PASS,ok,0.018687582982238382,PASS,ok,0.3522493329946883,18.84937893410206,1.088196249998873,60.0,,,,"M. Li, F. Lei, F. Li, and A. Vesnin, On Yamada polynomial of spatial graphs obtained by edge replacements, arXiv:1801.09075, Theorem 5.1",Theorem 5.1,,"[""edge"", ""edge"", ""edge"", ""edge"", ""edge"", ""edge"", ""edge"", ""edge"", ""edge"", ""edge"", ""edge"", ""edge"", ""edge"", ""edge"", ""edge"", ""edge"", ""edge"", ""edge"", ""edge"", ""edge"", ""edge"", ""edge"", ""edge"", ""edge"", ""edge"", ""edge"", ""edge"", ""edge""]",c960455a2b360696,3fa3df052699f236f2942b419e1a7b094758019fff040af3d6214d49fb9e9a37,95da91aae01f9dee388cb5f053b9526070f6bd3c9dc70e6b2417add269b27d0f,PASS,"[0, 0, 0, 0, 0, 0, 0, 0, 0, 0, 0, 0, 0, 0, 0, 0, 0, 0, 0, 0, 0, 0, 0, 0, 0, 0, 0, 0]","[0, 0, 0, 0, 0, 0, 0, 0, 0, 0, 0, 0, 0, 0, 0, 0, 0, 0, 0, 0, 0, 0, 0, 0, 0, 0, 0, 0]",0,,PASS,0,1,1,,PASS
ed26c6f332ff,4,li_lei_li_vesnin_edge_replacement_validation,Li-Lei-Li-Vesnin edge replacement,lllv:bouquet:B29_edge,bouquet,29,B29_edge,bouquet,,,1,29,0,0,PASS,ok,0.01896454201778397,PASS,ok,0.3531092500197701,18.619445156579182,1.0522367499943357,60.0,,,,"M. Li, F. Lei, F. Li, and A. Vesnin, On Yamada polynomial of spatial graphs obtained by edge replacements, arXiv:1801.09075, Theorem 5.1",Theorem 5.1,,"[""edge"", ""edge"", ""edge"", ""edge"", ""edge"", ""edge"", ""edge"", ""edge"", ""edge"", ""edge"", ""edge"", ""edge"", ""edge"", ""edge"", ""edge"", ""edge"", ""edge"", ""edge"", ""edge"", ""edge"", ""edge"", ""edge"", ""edge"", ""edge"", ""edge"", ""edge"", ""edge"", ""edge"", ""edge""]",c27c0393235a95e2,8349e659e30c1276f3b48496482a6df0c7c10fdf0e1e104faf6ed4ab7d8ec277,dfdc1418c5ce8405fb48abc455e4d13fefe20671a53759b869514a2121a49d47,PASS,"[0, 0, 0, 0, 0, 0, 0, 0, 0, 0, 0, 0, 0, 0, 0, 0, 0, 0, 0, 0, 0, 0, 0, 0, 0, 0, 0, 0, 0]","[0, 0, 0, 0, 0, 0, 0, 0, 0, 0, 0, 0, 0, 0, 0, 0, 0, 0, 0, 0, 0, 0, 0, 0, 0, 0, 0, 0, 0]",0,,PASS,0,1,1,,PASS
677be6d9ad56,4,dobrynin_vesnin_theta_validation,Dobrynin-Vesnin Theta(n),dv:theta:50,dv_handcuff,50,Theta(50),,50,handcuff,,,50,,PASS,ok,0.1795777080114931,ERROR,error,0.5040932080009952,,1.6553213330043945,240.0,,,ValueError: Adding unsupported type.,"A.A. Dobrynin and A.Yu. Vesnin, The Yamada polynomial for graphs, embedded knot-wise into three-dimensional space, Vychisl. Sistemy 155 (1996) 37-86, Theorem 2",Theorem 2,R(Theta(n))(A)=(A^2+A+1+A^-1+A^-2)A^n-(A+A^-1)A^(-2n)-(A^2+1+A^-2)(-1)^n A^(-n),,,,,,,,,PASS,,,,,ERROR,
677be6d9ad56,4,dobrynin_vesnin_theta_validation,Dobrynin-Vesnin Theta(n),dv:theta:100,dv_handcuff,100,Theta(100),,100,handcuff,,,100,,PASS,ok,1.5572665000217967,ERROR,error,0.6769873749872204,,3.231756958004553,240.0,,,ValueError: Adding unsupported type.,"A.A. Dobrynin and A.Yu. Vesnin, The Yamada polynomial for graphs, embedded knot-wise into three-dimensional space, Vychisl. Sistemy 155 (1996) 37-86, Theorem 2",Theorem 2,R(Theta(n))(A)=(A^2+A+1+A^-1+A^-2)A^n-(A+A^-1)A^(-2n)-(A^2+1+A^-2)(-1)^n A^(-n),,,,,,,,,PASS,,,,,ERROR,
677be6d9ad56,4,dobrynin_vesnin_theta_validation,Dobrynin-Vesnin Theta(n),dv:theta:200,dv_handcuff,200,Theta(200),,200,handcuff,,,200,,PASS,ok,18.1417440000223,ERROR,error,3.1537626249773894,,22.92202804100816,240.0,,,ValueError: Adding unsupported type.,"A.A. Dobrynin and A.Yu. Vesnin, The Yamada polynomial for graphs, embedded knot-wise into three-dimensional space, Vychisl. Sistemy 155 (1996) 37-86, Theorem 2",Theorem 2,R(Theta(n))(A)=(A^2+A+1+A^-1+A^-2)A^n-(A+A^-1)A^(-2n)-(A^2+1+A^-2)(-1)^n A^(-n),,,,,,,,,PASS,,,,,ERROR,
677be6d9ad56,4,dobrynin_vesnin_theta_validation,Dobrynin-Vesnin Theta(n),dv:theta:300,dv_handcuff,300,Theta(300),,300,handcuff,,,300,,PASS,ok,84.07036341700586,ERROR,error,10.431637041998329,,96.96844879200216,240.0,,,ValueError: Adding unsupported type.,"A.A. Dobrynin and A.Yu. Vesnin, The Yamada polynomial for graphs, embedded knot-wise into three-dimensional space, Vychisl. Sistemy 155 (1996) 37-86, Theorem 2",Theorem 2,R(Theta(n))(A)=(A^2+A+1+A^-1+A^-2)A^n-(A+A^-1)A^(-2n)-(A^2+1+A^-2)(-1)^n A^(-n),,,,,,,,,PASS,,,,,ERROR,
677be6d9ad56,4,dobrynin_vesnin_theta_validation,Dobrynin-Vesnin Theta(n),dv:theta:400,dv_handcuff,400,Theta(400),,400,handcuff,,,400,,ERROR,timeout,240.3265295419842,ERROR,error,21.088898499991046,,264.65003783398424,240.0,,timeout,ValueError: Adding unsupported type.,"A.A. Dobrynin and A.Yu. Vesnin, The Yamada polynomial for graphs, embedded knot-wise into three-dimensional space, Vychisl. Sistemy 155 (1996) 37-86, Theorem 2",Theorem 2,R(Theta(n))(A)=(A^2+A+1+A^-1+A^-2)A^n-(A+A^-1)A^(-2n)-(A^2+1+A^-2)(-1)^n A^(-n),,,,,,,,,ERROR,,,,,ERROR,
deb0019d2a5c,4,dobrynin_vesnin_theta_validation,Dobrynin-Vesnin Theta(n),dv:theta:0,dv_handcuff,0,Theta(0),,0,handcuff,,,0,,PASS,ok,0.001375124993501231,PASS,ok,0.8678805829840712,631.1285061980763,2.3291657499794383,1000.0,,,,"A.A. Dobrynin and A.Yu. Vesnin, The Yamada polynomial for graphs, embedded knot-wise into three-dimensional space, Vychisl. Sistemy 155 (1996) 37-86, Theorem 2",Theorem 2,R(Theta(n))(A)=(A^2+A+1+A^-1+A^-2)A^n-(A+A^-1)A^(-2n)-(A^2+1+A^-2)(-1)^n A^(-n),,,,,,,,,PASS,,0,1,1,PASS,
deb0019d2a5c,4,dobrynin_vesnin_theta_validation,Dobrynin-Vesnin Theta(n),dv:theta:1,dv_theta,1,Theta(1),,1,theta,,,1,,PASS,ok,0.021813166997162625,PASS,ok,0.5984373749815859,27.434685438360617,1.8054147500079125,1000.0,,,,"A.A. Dobrynin and A.Yu. Vesnin, The Yamada polynomial for graphs, embedded knot-wise into three-dimensional space, Vychisl. Sistemy 155 (1996) 37-86, Theorem 2",Theorem 2,R(Theta(n))(A)=(A^2+A+1+A^-1+A^-2)A^n-(A+A^-1)A^(-2n)-(A^2+1+A^-2)(-1)^n A^(-n),,,,,,,,,PASS,,-2,1,1,PASS,
deb0019d2a5c,4,dobrynin_vesnin_theta_validation,Dobrynin-Vesnin Theta(n),dv:theta:2,dv_handcuff,2,Theta(2),,2,handcuff,,,2,,PASS,ok,0.01847087498754263,PASS,ok,0.5787851659988519,31.335016147811288,1.7379535830114037,1000.0,,,,"A.A. Dobrynin and A.Yu. Vesnin, The Yamada polynomial for graphs, embedded knot-wise into three-dimensional space, Vychisl. Sistemy 155 (1996) 37-86, Theorem 2",Theorem 2,R(Theta(n))(A)=(A^2+A+1+A^-1+A^-2)A^n-(A+A^-1)A^(-2n)-(A^2+1+A^-2)(-1)^n A^(-n),,,,,,,,,PASS,,1,-1,1,PASS,
deb0019d2a5c,4,dobrynin_vesnin_theta_validation,Dobrynin-Vesnin Theta(n),dv:theta:3,dv_theta,3,Theta(3),,3,theta,,,3,,PASS,ok,0.0180014579964336,PASS,ok,0.5931275000039022,32.948858926949754,1.8044475830101874,1000.0,,,,"A.A. Dobrynin and A.Yu. Vesnin, The Yamada polynomial for graphs, embedded knot-wise into three-dimensional space, Vychisl. Sistemy 155 (1996) 37-86, Theorem 2",Theorem 2,R(Theta(n))(A)=(A^2+A+1+A^-1+A^-2)A^n-(A+A^-1)A^(-2n)-(A^2+1+A^-2)(-1)^n A^(-n),,,,,,,,,PASS,,0,1,-1,PASS,
deb0019d2a5c,4,dobrynin_vesnin_theta_validation,Dobrynin-Vesnin Theta(n),dv:theta:4,dv_handcuff,4,Theta(4),,4,handcuff,,,4,,PASS,ok,0.018077291984809563,PASS,ok,0.6331510840100236,35.024664343645256,1.7862336249963846,1000.0,,,,"A.A. Dobrynin and A.Yu. Vesnin, The Yamada polynomial for graphs, embedded knot-wise into three-dimensional space, Vychisl. Sistemy 155 (1996) 37-86, Theorem 2",Theorem 2,R(Theta(n))(A)=(A^2+A+1+A^-1+A^-2)A^n-(A+A^-1)A^(-2n)-(A^2+1+A^-2)(-1)^n A^(-n),,,,,,,,,PASS,,0,1,-1,PASS,
deb0019d2a5c,4,dobrynin_vesnin_theta_validation,Dobrynin-Vesnin Theta(n),dv:theta:5,dv_theta,5,Theta(5),,5,theta,,,5,,PASS,ok,0.019070666981860995,PASS,ok,0.5769313329947181,30.252289211670703,1.7358516669773962,1000.0,,,,"A.A. Dobrynin and A.Yu. Vesnin, The Yamada polynomial for graphs, embedded knot-wise into three-dimensional space, Vychisl. Sistemy 155 (1996) 37-86, Theorem 2",Theorem 2,R(Theta(n))(A)=(A^2+A+1+A^-1+A^-2)A^n-(A+A^-1)A^(-2n)-(A^2+1+A^-2)(-1)^n A^(-n),,,,,,,,,PASS,,0,1,-1,PASS,
deb0019d2a5c,4,dobrynin_vesnin_theta_validation,Dobrynin-Vesnin Theta(n),dv:theta:6,dv_handcuff,6,Theta(6),,6,handcuff,,,6,,PASS,ok,0.021861874993192032,PASS,ok,0.5920256669924129,27.08027866670972,1.745861999981571,1000.0,,,,"A.A. Dobrynin and A.Yu. Vesnin, The Yamada polynomial for graphs, embedded knot-wise into three-dimensional space, Vychisl. Sistemy 155 (1996) 37-86, Theorem 2",Theorem 2,R(Theta(n))(A)=(A^2+A+1+A^-1+A^-2)A^n-(A+A^-1)A^(-2n)-(A^2+1+A^-2)(-1)^n A^(-n),,,,,,,,,PASS,,0,1,-1,PASS,
deb0019d2a5c,4,dobrynin_vesnin_theta_validation,Dobrynin-Vesnin Theta(n),dv:theta:7,dv_theta,7,Theta(7),,7,theta,,,7,,PASS,ok,0.03292991701164283,PASS,ok,0.7408074580016546,22.496487244098788,1.942223791993456,1000.0,,,,"A.A. Dobrynin and A.Yu. Vesnin, The Yamada polynomial for graphs, embedded knot-wise into three-dimensional space, Vychisl. Sistemy 155 (1996) 37-86, Theorem 2",Theorem 2,R(Theta(n))(A)=(A^2+A+1+A^-1+A^-2)A^n-(A+A^-1)A^(-2n)-(A^2+1+A^-2)(-1)^n A^(-n),,,,,,,,,PASS,,0,1,-1,PASS,
deb0019d2a5c,4,dobrynin_vesnin_theta_validation,Dobrynin-Vesnin Theta(n),dv:theta:8,dv_handcuff,8,Theta(8),,8,handcuff,,,8,,PASS,ok,0.02328558301087469,PASS,ok,0.6186515000008512,26.568005607243435,1.9477902920043562,1000.0,,,,"A.A. Dobrynin and A.Yu. Vesnin, The Yamada polynomial for graphs, embedded knot-wise into three-dimensional space, Vychisl. Sistemy 155 (1996) 37-86, Theorem 2",Theorem 2,R(Theta(n))(A)=(A^2+A+1+A^-1+A^-2)A^n-(A+A^-1)A^(-2n)-(A^2+1+A^-2)(-1)^n A^(-n),,,,,,,,,PASS,,0,1,-1,PASS,
deb0019d2a5c,4,dobrynin_vesnin_theta_validation,Dobrynin-Vesnin Theta(n),dv:theta:9,dv_theta,9,Theta(9),,9,theta,,,9,,PASS,ok,0.02437416699831374,PASS,ok,0.8593925420136657,35.25833486219736,2.45559958301601,1000.0,,,,"A.A. Dobrynin and A.Yu. Vesnin, The Yamada polynomial for graphs, embedded knot-wise into three-dimensional space, Vychisl. Sistemy 155 (1996) 37-86, Theorem 2",Theorem 2,R(Theta(n))(A)=(A^2+A+1+A^-1+A^-2)A^n-(A+A^-1)A^(-2n)-(A^2+1+A^-2)(-1)^n A^(-n),,,,,,,,,PASS,,0,1,-1,PASS,
deb0019d2a5c,4,dobrynin_vesnin_theta_validation,Dobrynin-Vesnin Theta(n),dv:theta:10,dv_handcuff,10,Theta(10),,10,handcuff,,,10,,PASS,ok,0.030891083006281406,PASS,ok,1.0900210410181899,35.28594451662781,2.6927165840170346,1000.0,,,,"A.A. Dobrynin and A.Yu. Vesnin, The Yamada polynomial for graphs, embedded knot-wise into three-dimensional space, Vychisl. Sistemy 155 (1996) 37-86, Theorem 2",Theorem 2,R(Theta(n))(A)=(A^2+A+1+A^-1+A^-2)A^n-(A+A^-1)A^(-2n)-(A^2+1+A^-2)(-1)^n A^(-n),,,,,,,,,PASS,,0,1,-1,PASS,
deb0019d2a5c,4,dobrynin_vesnin_theta_validation,Dobrynin-Vesnin Theta(n),dv:theta:11,dv_theta,11,Theta(11),,11,theta,,,11,,PASS,ok,0.02997999999206513,PASS,ok,1.0000682910031173,33.357848274443214,2.5916512919939123,1000.0,,,,"A.A. Dobrynin and A.Yu. Vesnin, The Yamada polynomial for graphs, embedded knot-wise into three-dimensional space, Vychisl. Sistemy 155 (1996) 37-86, Theorem 2",Theorem 2,R(Theta(n))(A)=(A^2+A+1+A^-1+A^-2)A^n-(A+A^-1)A^(-2n)-(A^2+1+A^-2)(-1)^n A^(-n),,,,,,,,,PASS,,0,1,-1,PASS,
deb0019d2a5c,4,dobrynin_vesnin_theta_validation,Dobrynin-Vesnin Theta(n),dv:theta:12,dv_handcuff,12,Theta(12),,12,handcuff,,,12,,PASS,ok,0.022336249996442348,PASS,ok,0.8987630420015194,40.237866344828326,2.327762957982486,1000.0,,,,"A.A. Dobrynin and A.Yu. Vesnin, The Yamada polynomial for graphs, embedded knot-wise into three-dimensional space, Vychisl. Sistemy 155 (1996) 37-86, Theorem 2",Theorem 2,R(Theta(n))(A)=(A^2+A+1+A^-1+A^-2)A^n-(A+A^-1)A^(-2n)-(A^2+1+A^-2)(-1)^n A^(-n),,,,,,,,,PASS,,0,1,-1,PASS,
deb0019d2a5c,4,dobrynin_vesnin_theta_validation,Dobrynin-Vesnin Theta(n),dv:theta:13,dv_theta,13,Theta(13),,13,theta,,,13,,PASS,ok,0.0251173329888843,PASS,ok,0.9224337089981418,36.72498626372337,2.555416916991817,1000.0,,,,"A.A. Dobrynin and A.Yu. Vesnin, The Yamada polynomial for graphs, embedded knot-wise into three-dimensional space, Vychisl. Sistemy 155 (1996) 37-86, Theorem 2",Theorem 2,R(Theta(n))(A)=(A^2+A+1+A^-1+A^-2)A^n-(A+A^-1)A^(-2n)-(A^2+1+A^-2)(-1)^n A^(-n),,,,,,,,,PASS,,0,1,-1,PASS,
deb0019d2a5c,4,dobrynin_vesnin_theta_validation,Dobrynin-Vesnin Theta(n),dv:theta:14,dv_handcuff,14,Theta(14),,14,handcuff,,,14,,PASS,ok,0.03241216600872576,PASS,ok,0.9792579580098391,30.212666371825026,2.404063124995446,1000.0,,,,"A.A. Dobrynin and A.Yu. Vesnin, The Yamada polynomial for graphs, embedded knot-wise into three-dimensional space, Vychisl. Sistemy 155 (1996) 37-86, Theorem 2",Theorem 2,R(Theta(n))(A)=(A^2+A+1+A^-1+A^-2)A^n-(A+A^-1)A^(-2n)-(A^2+1+A^-2)(-1)^n A^(-n),,,,,,,,,PASS,,0,1,-1,PASS,
deb0019d2a5c,4,dobrynin_vesnin_theta_validation,Dobrynin-Vesnin Theta(n),dv:theta:15,dv_theta,15,Theta(15),,15,theta,,,15,,PASS,ok,0.028654124995227903,PASS,ok,1.1638708749960642,40.61791714770201,2.62506495899288,1000.0,,,,"A.A. Dobrynin and A.Yu. Vesnin, The Yamada polynomial for graphs, embedded knot-wise into three-dimensional space, Vychisl. Sistemy 155 (1996) 37-86, Theorem 2",Theorem 2,R(Theta(n))(A)=(A^2+A+1+A^-1+A^-2)A^n-(A+A^-1)A^(-2n)-(A^2+1+A^-2)(-1)^n A^(-n),,,,,,,,,PASS,,0,1,-1,PASS,
deb0019d2a5c,4,dobrynin_vesnin_theta_validation,Dobrynin-Vesnin Theta(n),dv:theta:16,dv_handcuff,16,Theta(16),,16,handcuff,,,16,,PASS,ok,0.034052542003337294,PASS,ok,1.557257667009253,45.73102550924495,3.28128733401536,1000.0,,,,"A.A. Dobrynin and A.Yu. Vesnin, The Yamada polynomial for graphs, embedded knot-wise into three-dimensional space, Vychisl. Sistemy 155 (1996) 37-86, Theorem 2",Theorem 2,R(Theta(n))(A)=(A^2+A+1+A^-1+A^-2)A^n-(A+A^-1)A^(-2n)-(A^2+1+A^-2)(-1)^n A^(-n),,,,,,,,,PASS,,0,1,-1,PASS,
deb0019d2a5c,4,dobrynin_vesnin_theta_validation,Dobrynin-Vesnin Theta(n),dv:theta:17,dv_theta,17,Theta(17),,17,theta,,,17,,PASS,ok,0.05411395800183527,FAIL,ok,1.5450202919892035,28.551234266338536,3.489622374996543,1000.0,,,,"A.A. Dobrynin and A.Yu. Vesnin, The Yamada polynomial for graphs, embedded knot-wise into three-dimensional space, Vychisl. Sistemy 155 (1996) 37-86, Theorem 2",Theorem 2,R(Theta(n))(A)=(A^2+A+1+A^-1+A^-2)A^n-(A+A^-1)A^(-2n)-(A^2+1+A^-2)(-1)^n A^(-n),,,,,,,,,PASS,,,,,FAIL,
deb0019d2a5c,4,dobrynin_vesnin_theta_validation,Dobrynin-Vesnin Theta(n),dv:theta:18,dv_handcuff,18,Theta(18),,18,handcuff,,,18,,PASS,ok,0.039059832983184606,ERROR,error,0.8428067089989781,,3.076355708995834,1000.0,,,ValueError: Adding unsupported type.,"A.A. Dobrynin and A.Yu. Vesnin, The Yamada polynomial for graphs, embedded knot-wise into three-dimensional space, Vychisl. Sistemy 155 (1996) 37-86, Theorem 2",Theorem 2,R(Theta(n))(A)=(A^2+A+1+A^-1+A^-2)A^n-(A+A^-1)A^(-2n)-(A^2+1+A^-2)(-1)^n A^(-n),,,,,,,,,PASS,,,,,ERROR,
deb0019d2a5c,4,dobrynin_vesnin_theta_validation,Dobrynin-Vesnin Theta(n),dv:theta:19,dv_theta,19,Theta(19),,19,theta,,,19,,PASS,ok,0.04825074999826029,ERROR,error,1.4125210420170333,,3.4730211249843705,1000.0,,,ValueError: Adding unsupported type.,"A.A. Dobrynin and A.Yu. Vesnin, The Yamada polynomial for graphs, embedded knot-wise into three-dimensional space, Vychisl. Sistemy 155 (1996) 37-86, Theorem 2",Theorem 2,R(Theta(n))(A)=(A^2+A+1+A^-1+A^-2)A^n-(A+A^-1)A^(-2n)-(A^2+1+A^-2)(-1)^n A^(-n),,,,,,,,,PASS,,,,,ERROR,
deb0019d2a5c,4,dobrynin_vesnin_theta_validation,Dobrynin-Vesnin Theta(n),dv:theta:20,dv_handcuff,20,Theta(20),,20,handcuff,,,20,,PASS,ok,0.05075262498576194,ERROR,error,0.7568983329983894,,2.632487041002605,1000.0,,,ValueError: Adding unsupported type.,"A.A. Dobrynin and A.Yu. Vesnin, The Yamada polynomial for graphs, embedded knot-wise into three-dimensional space, Vychisl. Sistemy 155 (1996) 37-86, Theorem 2",Theorem 2,R(Theta(n))(A)=(A^2+A+1+A^-1+A^-2)A^n-(A+A^-1)A^(-2n)-(A^2+1+A^-2)(-1)^n A^(-n),,,,,,,,,PASS,,,,,ERROR,
deb0019d2a5c,4,dobrynin_vesnin_theta_validation,Dobrynin-Vesnin Theta(n),dv:theta:21,dv_theta,21,Theta(21),,21,theta,,,21,,PASS,ok,0.048378084000432864,ERROR,error,0.7681491249823011,,2.366669125010958,1000.0,,,ValueError: Adding unsupported type.,"A.A. Dobrynin and A.Yu. Vesnin, The Yamada polynomial for graphs, embedded knot-wise into three-dimensional space, Vychisl. Sistemy 155 (1996) 37-86, Theorem 2",Theorem 2,R(Theta(n))(A)=(A^2+A+1+A^-1+A^-2)A^n-(A+A^-1)A^(-2n)-(A^2+1+A^-2)(-1)^n A^(-n),,,,,,,,,PASS,,,,,ERROR,
deb0019d2a5c,4,dobrynin_vesnin_theta_validation,Dobrynin-Vesnin Theta(n),dv:theta:22,dv_handcuff,22,Theta(22),,22,handcuff,,,22,,PASS,ok,0.057613167009549215,ERROR,error,1.480615125008626,,3.3562308750115335,1000.0,,,ValueError: Adding unsupported type.,"A.A. Dobrynin and A.Yu. Vesnin, The Yamada polynomial for graphs, embedded knot-wise into three-dimensional space, Vychisl. Sistemy 155 (1996) 37-86, Theorem 2",Theorem 2,R(Theta(n))(A)=(A^2+A+1+A^-1+A^-2)A^n-(A+A^-1)A^(-2n)-(A^2+1+A^-2)(-1)^n A^(-n),,,,,,,,,PASS,,,,,ERROR,
deb0019d2a5c,4,dobrynin_vesnin_theta_validation,Dobrynin-Vesnin Theta(n),dv:theta:23,dv_theta,23,Theta(23),,23,theta,,,23,,PASS,ok,0.0643465000030119,ERROR,error,0.6857281250122469,,2.582110625022324,1000.0,,,ValueError: Adding unsupported type.,"A.A. Dobrynin and A.Yu. Vesnin, The Yamada polynomial for graphs, embedded knot-wise into three-dimensional space, Vychisl. Sistemy 155 (1996) 37-86, Theorem 2",Theorem 2,R(Theta(n))(A)=(A^2+A+1+A^-1+A^-2)A^n-(A+A^-1)A^(-2n)-(A^2+1+A^-2)(-1)^n A^(-n),,,,,,,,,PASS,,,,,ERROR,
deb0019d2a5c,4,dobrynin_vesnin_theta_validation,Dobrynin-Vesnin Theta(n),dv:theta:24,dv_handcuff,24,Theta(24),,24,handcuff,,,24,,PASS,ok,0.0511812919867225,ERROR,error,0.8044657080026809,,2.2233277919876855,1000.0,,,ValueError: Adding unsupported type.,"A.A. Dobrynin and A.Yu. Vesnin, The Yamada polynomial for graphs, embedded knot-wise into three-dimensional space, Vychisl. Sistemy 155 (1996) 37-86, Theorem 2",Theorem 2,R(Theta(n))(A)=(A^2+A+1+A^-1+A^-2)A^n-(A+A^-1)A^(-2n)-(A^2+1+A^-2)(-1)^n A^(-n),,,,,,,,,PASS,,,,,ERROR,
deb0019d2a5c,4,dobrynin_vesnin_theta_validation,Dobrynin-Vesnin Theta(n),dv:theta:25,dv_theta,25,Theta(25),,25,theta,,,25,,PASS,ok,0.05227533300057985,ERROR,error,0.8382713750179391,,2.3444943749927916,1000.0,,,ValueError: Adding unsupported type.,"A.A. Dobrynin and A.Yu. Vesnin, The Yamada polynomial for graphs, embedded knot-wise into three-dimensional space, Vychisl. Sistemy 155 (1996) 37-86, Theorem 2",Theorem 2,R(Theta(n))(A)=(A^2+A+1+A^-1+A^-2)A^n-(A+A^-1)A^(-2n)-(A^2+1+A^-2)(-1)^n A^(-n),,,,,,,,,PASS,,,,,ERROR,
deb0019d2a5c,4,dobrynin_vesnin_theta_validation,Dobrynin-Vesnin Theta(n),dv:theta:26,dv_handcuff,26,Theta(26),,26,handcuff,,,26,,PASS,ok,0.061506333004217595,ERROR,error,0.7062685419805348,,2.407584750006208,1000.0,,,ValueError: Adding unsupported type.,"A.A. Dobrynin and A.Yu. Vesnin, The Yamada polynomial for graphs, embedded knot-wise into three-dimensional space, Vychisl. Sistemy 155 (1996) 37-86, Theorem 2",Theorem 2,R(Theta(n))(A)=(A^2+A+1+A^-1+A^-2)A^n-(A+A^-1)A^(-2n)-(A^2+1+A^-2)(-1)^n A^(-n),,,,,,,,,PASS,,,,,ERROR,
deb0019d2a5c,4,dobrynin_vesnin_theta_validation,Dobrynin-Vesnin Theta(n),dv:theta:27,dv_theta,27,Theta(27),,27,theta,,,27,,PASS,ok,0.06159137497888878,ERROR,error,0.8096576250100043,,2.2373779580229893,1000.0,,,ValueError: Adding unsupported type.,"A.A. Dobrynin and A.Yu. Vesnin, The Yamada polynomial for graphs, embedded knot-wise into three-dimensional space, Vychisl. Sistemy 155 (1996) 37-86, Theorem 2",Theorem 2,R(Theta(n))(A)=(A^2+A+1+A^-1+A^-2)A^n-(A+A^-1)A^(-2n)-(A^2+1+A^-2)(-1)^n A^(-n),,,,,,,,,PASS,,,,,ERROR,
deb0019d2a5c,4,dobrynin_vesnin_theta_validation,Dobrynin-Vesnin Theta(n),dv:theta:28,dv_handcuff,28,Theta(28),,28,handcuff,,,28,,PASS,ok,0.06811670801835135,ERROR,error,0.6681710830016527,,2.2560564579907805,1000.0,,,ValueError: Adding unsupported type.,"A.A. Dobrynin and A.Yu. Vesnin, The Yamada polynomial for graphs, embedded knot-wise into three-dimensional space, Vychisl. Sistemy 155 (1996) 37-86, Theorem 2",Theorem 2,R(Theta(n))(A)=(A^2+A+1+A^-1+A^-2)A^n-(A+A^-1)A^(-2n)-(A^2+1+A^-2)(-1)^n A^(-n),,,,,,,,,PASS,,,,,ERROR,
deb0019d2a5c,4,dobrynin_vesnin_theta_validation,Dobrynin-Vesnin Theta(n),dv:theta:29,dv_theta,29,Theta(29),,29,theta,,,29,,PASS,ok,0.06912237498909235,ERROR,error,0.7719743750058115,,2.2822314589866437,1000.0,,,ValueError: Adding unsupported type.,"A.A. Dobrynin and A.Yu. Vesnin, The Yamada polynomial for graphs, embedded knot-wise into three-dimensional space, Vychisl. Sistemy 155 (1996) 37-86, Theorem 2",Theorem 2,R(Theta(n))(A)=(A^2+A+1+A^-1+A^-2)A^n-(A+A^-1)A^(-2n)-(A^2+1+A^-2)(-1)^n A^(-n),,,,,,,,,PASS,,,,,ERROR,
deb0019d2a5c,4,dobrynin_vesnin_theta_validation,Dobrynin-Vesnin Theta(n),dv:theta:50,dv_handcuff,50,Theta(50),,50,handcuff,,,50,,PASS,ok,0.21308791698538698,ERROR,error,0.5531078749918379,,1.9856487910146825,1000.0,,,ValueError: Adding unsupported type.,"A.A. Dobrynin and A.Yu. Vesnin, The Yamada polynomial for graphs, embedded knot-wise into three-dimensional space, Vychisl. Sistemy 155 (1996) 37-86, Theorem 2",Theorem 2,R(Theta(n))(A)=(A^2+A+1+A^-1+A^-2)A^n-(A+A^-1)A^(-2n)-(A^2+1+A^-2)(-1)^n A^(-n),,,,,,,,,PASS,,,,,ERROR,
deb0019d2a5c,4,dobrynin_vesnin_theta_validation,Dobrynin-Vesnin Theta(n),dv:theta:100,dv_handcuff,100,Theta(100),,100,handcuff,,,100,,PASS,ok,1.915257999993628,ERROR,error,1.0080491660046391,,4.258399958984228,1000.0,,,ValueError: Adding unsupported type.,"A.A. Dobrynin and A.Yu. Vesnin, The Yamada polynomial for graphs, embedded knot-wise into three-dimensional space, Vychisl. Sistemy 155 (1996) 37-86, Theorem 2",Theorem 2,R(Theta(n))(A)=(A^2+A+1+A^-1+A^-2)A^n-(A+A^-1)A^(-2n)-(A^2+1+A^-2)(-1)^n A^(-n),,,,,,,,,PASS,,,,,ERROR,
deb0019d2a5c,4,dobrynin_vesnin_theta_validation,Dobrynin-Vesnin Theta(n),dv:theta:200,dv_handcuff,200,Theta(200),,200,handcuff,,,200,,PASS,ok,21.70530187501572,ERROR,error,2.7535130420001224,,26.11262766699656,1000.0,,,ValueError: Adding unsupported type.,"A.A. Dobrynin and A.Yu. Vesnin, The Yamada polynomial for graphs, embedded knot-wise into three-dimensional space, Vychisl. Sistemy 155 (1996) 37-86, Theorem 2",Theorem 2,R(Theta(n))(A)=(A^2+A+1+A^-1+A^-2)A^n-(A+A^-1)A^(-2n)-(A^2+1+A^-2)(-1)^n A^(-n),,,,,,,,,PASS,,,,,ERROR,
deb0019d2a5c,4,dobrynin_vesnin_theta_validation,Dobrynin-Vesnin Theta(n),dv:theta:300,dv_handcuff,300,Theta(300),,300,handcuff,,,300,,PASS,ok,86.81994287497946,ERROR,error,8.829458624997642,,97.9376765830093,1000.0,,,ValueError: Adding unsupported type.,"A.A. Dobrynin and A.Yu. Vesnin, The Yamada polynomial for graphs, embedded knot-wise into three-dimensional space, Vychisl. Sistemy 155 (1996) 37-86, Theorem 2",Theorem 2,R(Theta(n))(A)=(A^2+A+1+A^-1+A^-2)A^n-(A+A^-1)A^(-2n)-(A^2+1+A^-2)(-1)^n A^(-n),,,,,,,,,PASS,,,,,ERROR,
deb0019d2a5c,4,dobrynin_vesnin_theta_validation,Dobrynin-Vesnin Theta(n),dv:theta:400,dv_handcuff,400,Theta(400),,400,handcuff,,,400,,PASS,ok,378.4630488329858,ERROR,error,22.90275833301712,,404.7452775829879,1000.0,,,ValueError: Adding unsupported type.,"A.A. Dobrynin and A.Yu. Vesnin, The Yamada polynomial for graphs, embedded knot-wise into three-dimensional space, Vychisl. Sistemy 155 (1996) 37-86, Theorem 2",Theorem 2,R(Theta(n))(A)=(A^2+A+1+A^-1+A^-2)A^n-(A+A^-1)A^(-2n)-(A^2+1+A^-2)(-1)^n A^(-n),,,,,,,,,PASS,,,,,ERROR,
deb0019d2a5c,4,dobrynin_vesnin_theta_validation,Dobrynin-Vesnin Theta(n),dv:theta:500,dv_handcuff,500,Theta(500),,500,handcuff,,,500,,PASS,ok,861.0290168340143,ERROR,error,56.894474959000945,,922.6990866249835,1000.0,,,ValueError: Adding unsupported type.,"A.A. Dobrynin and A.Yu. Vesnin, The Yamada polynomial for graphs, embedded knot-wise into three-dimensional space, Vychisl. Sistemy 155 (1996) 37-86, Theorem 2",Theorem 2,R(Theta(n))(A)=(A^2+A+1+A^-1+A^-2)A^n-(A+A^-1)A^(-2n)-(A^2+1+A^-2)(-1)^n A^(-n),,,,,,,,,PASS,,,,,ERROR,
ed26c6f332ff,4,li_lei_li_vesnin_edge_replacement_validation,Li-Lei-Li-Vesnin edge replacement,lllv:cycle:C50_edge_loop_bead_theta_bead,cycle,50,C50_edge_loop_bead_theta_bead,cycle,,,116,165,0,0,PASS,ok,0.2218414589879103,ERROR,error,2.574718500021845,,246.82618454200565,60.0,,,"TopolyRareGraphException: Rare exception in in graph.py:324: beg!=end: 47!=-1 arc: [0], graph: {0: [], 1: [], 2: [], 3: [], 4: [], 5: [], 6: [], 7: [], 8: [], 9: [], 10: [], 11: [], 12: [], 13: [], 14: [], 15: [], 16: [], 17: [], 18: [], 19: [], 20: [], 21: [], 22: [], 23: [], 24: [], 25: [], 26: [], 27: [], 28: [], 29: [], 30: [], 31: [], 32: [], 33: [], 34: [], 35: [], 36: [], 37: [], 38: [], 39: [], 40: [], 41: [], 42: [], 43: [], 44: [], 45: [], 46: [], 47: [[-1, [0]]]}","M. Li, F. Lei, F. Li, and A. Vesnin, On Yamada polynomial of spatial graphs obtained by edge replacements, arXiv:1801.09075, Theorem 5.1",Theorem 5.1,,"[""edge"", ""loop_bead"", ""theta_bead"", ""edge"", ""loop_bead"", ""theta_bead"", ""edge"", ""loop_bead"", ""theta_bead"", ""edge"", ""loop_bead"", ""theta_bead"", ""edge"", ""loop_bead"", ""theta_bead"", ""edge"", ""loop_bead"", ""theta_bead"", ""edge"", ""loop_bead"", ""theta_bead"", ""edge"", ""loop_bead"", ""theta_bead"", ""edge"", ""loop_bead"", ""theta_bead"", ""edge"", ""loop_bead"", ""theta_bead"", ""edge"", ""loop_bead"", ""theta_bead"", ""edge"", ""loop_bead"", ""theta_bead"", ""edge"", ""loop_bead"", ""theta_bead"", ""edge"", ""loop_bead"", ""theta_bead"", ""edge"", ""loop_bead"", ""theta_bead"", ""edge"", ""loop_bead"", ""theta_bead"", ""edge"", ""loop_bead""]",deac13a8878ce875,835c88d2cdd6c06cc6ade24b761170a8c19ae0c9ab62608a316995962557e9f1,d55b8ba965aaadbebe94cdb761af76a9ee5516f603eae1bda14b47682235ce82,PASS,"[0, 0, 0, 0, 0, 0, 0, 0, 0, 0, 0, 0, 0, 0, 0, 0, 0, 0, 0, 0, 0, 0, 0, 0, 0, 0, 0, 0, 0, 0, 0, 0, 0, 0, 0, 0, 0, 0, 0, 0, 0, 0, 0, 0, 0, 0, 0, 0, 0, 0]","[0, 0, 0, 0, 0, 0, 0, 0, 0, 0, 0, 0, 0, 0, 0, 0, 0, 0, 0, 0, 0, 0, 0, 0, 0, 0, 0, 0, 0, 0, 0, 0, 0, 0, 0, 0, 0, 0, 0, 0, 0, 0, 0, 0, 0, 0, 0, 0, 0, 0]",0,,PASS,,,,,ERROR
